[2022-02-08 11:07:13,585 INFO] Translating shard 0.
/home/trh6u/.local/lib/python3.8/site-packages/onmt/translate/beam_search.py:282: UserWarning: __floordiv__ is deprecated, and its behavior will change in a future version of pytorch. It currently rounds toward 0 (like the 'trunc' function NOT 'floor'). This results in incorrect rounding for negative values. To keep the current behavior, use torch.div(a, b, rounding_mode='trunc'), or for actual floor division, use torch.div(a, b, rounding_mode='floor').
  self._batch_index = self.topk_ids // vocab_size
[2022-02-08 11:07:13,630 INFO]                   A61     E813.2     P38.93     P79.06     P79.36     P86.22     P86.59     P87.03     P88.01     P88.38     P88.79     P93.54    D807.04    D815.02    D823.31    D825.21     D844.9     D879.8     D919.0       D920     D923.3     D924.9 
    110402  0.0969077 *0.1105315  0.0859535  0.0715502  0.0633949  0.0551037  0.0618125  0.0632247  0.0716112  0.0752048  0.0716709  0.0815433  0.0272261  0.0160945  0.0112347  0.0061841  0.0064879  0.0072712  0.0077417  0.0031496  0.0026152  0.0034862 
    450203  0.0968658 *0.1077286  0.0837126  0.0781518  0.0702294  0.0460951  0.0622281  0.0628372  0.0693034  0.0733908  0.0665112  0.0765006  0.0311803  0.0174059  0.0138290  0.0073843  0.0070182  0.0077739  0.0081613  0.0044975  0.0041869  0.0050081 
    710402  0.0822587 *0.1114390  0.0915488  0.0845787  0.0742041  0.0565406  0.0624133  0.0642423  0.0680827  0.0724476  0.0640887  0.0764318  0.0300487  0.0128996  0.0125107  0.0059330  0.0062431  0.0067062  0.0069748  0.0038884  0.0029096  0.0036096 
    752400  0.0716068 *0.0969453  0.0891217  0.0820526  0.0718279  0.0599966  0.0593768  0.0633709  0.0652007  0.0695568  0.0645234  0.0799140  0.0414274  0.0128684  0.0168677  0.0090418  0.0086347  0.0089470  0.0100243  0.0066895  0.0054460  0.0065598 
    840602  0.0677212  0.0919758  0.0883138  0.0767016  0.0671481  0.0732024  0.0629811  0.0678301  0.0702084  0.0766895  0.0738962 *0.0949823  0.0365642  0.0069971  0.0103727  0.0047112  0.0046565  0.0048048  0.0064134  0.0047088  0.0041018  0.0050189 
    854471  0.0739755 *0.0822443  0.0744410  0.0665876  0.0615429  0.0632745  0.0617467  0.0660741  0.0689612  0.0731165  0.0721189  0.0807249  0.0393762  0.0144463  0.0183212  0.0112419  0.0112574  0.0111599  0.0140497  0.0116338  0.0112878  0.0124177 
    857200  0.0717167 *0.0851606  0.0746171  0.0643990  0.0608409  0.0512417  0.0561082  0.0629097  0.0672088  0.0683690  0.0740432  0.0749446  0.0375664  0.0177417  0.0238802  0.0155999  0.0163303  0.0158507  0.0180998  0.0144471  0.0138595  0.0150645 
    858211  0.0734254 *0.0851036  0.0687566  0.0516410  0.0496351  0.0336949  0.0432340  0.0524687  0.0618533  0.0570246  0.0844060  0.0622974  0.0361230  0.0361337  0.0296616  0.0355347  0.0338051  0.0310650  0.0282762  0.0153975  0.0146953  0.0157673 
    910200  0.0947039 *0.1155393  0.0862603  0.0625488  0.0551559  0.0410091  0.0494254  0.0570535  0.0690629  0.0626029  0.0823053  0.0738084  0.0313691  0.0280466  0.0145500  0.0119184  0.0143465  0.0148058  0.0158586  0.0066547  0.0059127  0.0070618 
    910600  0.0776236 *0.1119087  0.0894344  0.0761413  0.0698723  0.0553673  0.0624192  0.0656688  0.0729126  0.0713196  0.0843694  0.0883721  0.0194703  0.0094255  0.0100512  0.0069572  0.0067085  0.0065437  0.0069401  0.0033362  0.0022795  0.0028786 
      </s>  0.0982942 *0.1165647  0.0841770  0.0683639  0.0629884  0.0444210  0.0551960  0.0609987  0.0702124  0.0672600  0.0771343  0.0743216  0.0241272  0.0173542  0.0134309  0.0100764  0.0102098  0.0110374  0.0127924  0.0070221  0.0061220  0.0078953 

[2022-02-08 11:07:13,630 INFO]                   A30     E960.0     P76.74     P93.55    D802.29     D802.8     D850.1    D873.43    D873.44       D920 
    161000  0.2900874 *0.3210323  0.1663256  0.1459065  0.0358407  0.0299137  0.0031292  0.0026906  0.0030047  0.0020692 
    161003  0.3041364 *0.3302986  0.1801491  0.1290909  0.0250092  0.0270496  0.0012758  0.0010756  0.0011568  0.0007580 
    210402  0.2984092 *0.3232635  0.1958511  0.1299088  0.0234653  0.0254221  0.0011897  0.0009319  0.0009719  0.0005865 
    210600  0.2648177 *0.3314267  0.2081148  0.1444621  0.0259743  0.0212487  0.0009725  0.0009813  0.0011667  0.0008351 
    250400  0.2418827 *0.2732069  0.2364070  0.1537348  0.0418865  0.0437149  0.0022141  0.0021981  0.0026212  0.0021337 
    250607  0.2496674 *0.2872110  0.2157978  0.1625547  0.0335036  0.0415872  0.0017988  0.0022705  0.0029859  0.0026231 
      </s>  0.2630445 *0.2773615  0.2012885  0.1581533  0.0331976  0.0480305  0.0039568  0.0046401  0.0055235  0.0048037 

[2022-02-08 11:07:13,630 INFO]                   A82     E885.9     P81.52     D820.8 
    853161  0.1782414  0.2693231 *0.4057110  0.1467246 
      </s> *0.3633464  0.3105277  0.1737540  0.1523720 

[2022-02-08 11:07:13,630 INFO]                   A60     E884.2     P38.93     P87.03     P88.38     D805.2    D807.00     D873.0 
    110600  0.1886444 *0.2033788  0.1700567  0.1563216  0.1765948  0.0603637  0.0324876  0.0121524 
    450200  0.1799075 *0.1857685  0.1668302  0.1556437  0.1666426  0.0735444  0.0445242  0.0271388 
    650416  0.1760386 *0.1962282  0.1725190  0.1513020  0.1515414  0.0806846  0.0469370  0.0247492 
      </s>  0.1815449 *0.1871453  0.1549327  0.1481176  0.1459065  0.0867082  0.0553881  0.0402567 

[2022-02-08 11:07:13,631 INFO]                   A61     E885.9     P00.39     P38.93     P79.32    D813.01     D923.9 
    710402  0.1583311 *0.2259053  0.1959084  0.1636381  0.1660977  0.0612724  0.0288471 
    752113  0.1706852 *0.1872403  0.1761016  0.1692560  0.1691426  0.0647841  0.0627902 
      </s> *0.2109214  0.1858385  0.1434541  0.1413265  0.1357683  0.0800426  0.1026487 

[2022-02-08 11:07:13,631 INFO]                   A62     E885.9     P79.36    D823.01    D823.80     D924.5 
    810402  0.2621651 *0.2830702  0.2371188  0.1163218  0.0458375  0.0554866 
    854000  0.2904167 *0.2912305  0.2294874  0.1029855  0.0329416  0.0529383 
    854471  0.3079591 *0.3105249  0.2212572  0.0883383  0.0286807  0.0432398 
      </s>  0.1763078  0.1721706  0.1602173  0.1468081  0.1603391 *0.1841570 

[2022-02-08 11:07:13,631 INFO]                   A49     E821.0     P87.03     P87.41     P88.01     P88.38     P88.79     P89.52     D850.5 
    161002  0.0998293 *0.1363842  0.1198789  0.1128466  0.1126405  0.1286905  0.1063405  0.1214024  0.0619872 
      </s> *0.1187183  0.1168217  0.1133418  0.1147200  0.1166131  0.1099299  0.1069087  0.1063979  0.0965485 

[2022-02-08 11:07:13,631 INFO]                   A49     E960.0     P87.03     P88.38     D802.0    D802.24     D802.4    D852.00 
    140693  0.2153979 *0.2274141  0.1988771  0.1875155  0.0796152  0.0278676  0.0342961  0.0290166 
    250608  0.1938621 *0.2113346  0.1790829  0.1718796  0.1127024  0.0475884  0.0557586  0.0277915 
    250800 *0.2178039  0.2156557  0.1830741  0.1676609  0.0914007  0.0459055  0.0488907  0.0296084 
    251000  0.2288773 *0.2461837  0.1956186  0.1682698  0.0665228  0.0341993  0.0347272  0.0256013 
      </s>  0.2117558 *0.2304917  0.1988826  0.1754739  0.0759227  0.0375172  0.0333248  0.0366312 

[2022-02-08 11:07:13,631 INFO]                   A84     E880.9        P-1    D807.09 
    450210 *0.3042484  0.2996777  0.2815062  0.1145677 
      </s> *0.3185347  0.2876649  0.2572037  0.1365967 

[2022-02-08 11:07:13,631 INFO]                   A85     E885.9     P81.52     D820.8 
    853161  0.1856270  0.2639821 *0.4080820  0.1423089 
      </s> *0.3643340  0.3128026  0.1708622  0.1520012 

[2022-02-08 11:07:13,632 INFO]                   A39     E816.2     P87.03     P87.41     P88.01     P88.38     P88.40     P89.52     D805.6     D910.0     D916.0     D924.5     D959.6 
    210202  0.1245196 *0.1330854  0.1083000  0.1027866  0.1006895  0.0980136  0.1065973  0.1012861  0.0642895  0.0190645  0.0151502  0.0122206  0.0139972 
    810202  0.1117546 *0.1269621  0.1080738  0.1028066  0.1008026  0.0987295  0.1049252  0.1032556  0.0751400  0.0201901  0.0183779  0.0138271  0.0151548 
    810402  0.1113300 *0.1312439  0.1104735  0.1064842  0.1046419  0.1026030  0.1076541  0.1102361  0.0636793  0.0163263  0.0135430  0.0095016  0.0122832 
    856100  0.1045402 *0.1288056  0.1116024  0.1077713  0.1051328  0.1091158  0.1085970  0.1149748  0.0629913  0.0148883  0.0121864  0.0084839  0.0109101 
    873099  0.1193771 *0.1309709  0.1040890  0.1007660  0.1001332  0.0928752  0.1051877  0.0978514  0.0796767  0.0187662  0.0176205  0.0127952  0.0198910 
      </s> *0.1165015  0.1137687  0.0948840  0.0956014  0.0953393  0.0798472  0.0960227  0.0852471  0.0960180  0.0331009  0.0314639  0.0266485  0.0355570 

[2022-02-08 11:07:13,632 INFO]                   A33     E957.0        P-1    D722.10     D805.4    D813.05    D814.03 
    650600  0.1899859 *0.2668568  0.2247436  0.1311961  0.1068980  0.0413424  0.0389771 
    650620  0.1973527 *0.2603519  0.2179556  0.1283836  0.1056330  0.0436013  0.0467218 
    752161  0.2180012 *0.3019148  0.2495311  0.0991723  0.0747558  0.0262359  0.0303890 
    752461  0.1812141 *0.2614051  0.2170073  0.1219869  0.1107283  0.0579016  0.0497567 
      </s>  0.1975910 *0.2236440  0.1965896  0.1085953  0.1052265  0.0860193  0.0823343 

[2022-02-08 11:07:13,632 INFO]                   A87     E885.9     P81.52     P88.38     D808.2     D820.8 
    853161  0.1528430  0.2100213 *0.2710615  0.2141849  0.1031169  0.0487724 
    856151  0.2224938 *0.2358745  0.1605529  0.1965953  0.1261409  0.0583425 
      </s> *0.2614189  0.1909216  0.0862114  0.1164790  0.2199162  0.1250530 

[2022-02-08 11:07:13,632 INFO]                   A55     E884.4     P38.93     P88.38     P89.52    D823.00     D824.8 
    854111  0.1744798  0.1730425  0.1790161  0.1807424 *0.1879757  0.0537263  0.0510171 
    854441 *0.2275974  0.2056435  0.1734164  0.1637405  0.1733787  0.0314380  0.0247854 
      </s> *0.2334550  0.1883963  0.1549410  0.1428539  0.1471205  0.0677145  0.0655188 

[2022-02-08 11:07:13,632 INFO]                   A87     E929.3     P79.35    D820.21 
    853151  0.2885011 *0.3324326  0.2847663  0.0943000 
      </s> *0.3298206  0.2801087  0.2071315  0.1829392 

[2022-02-08 11:07:13,632 INFO]                   A19     E813.2     P87.41     P88.01     P88.79    D866.01     D911.0    D923.11     D924.5 
    510202  0.2168138 *0.2520796  0.1891786  0.1649931  0.1428423  0.0102202  0.0076354  0.0080412  0.0081958 
    541610  0.2255211 *0.2744668  0.1896466  0.1602593  0.1301637  0.0056528  0.0039392  0.0049756  0.0053749 
    710402  0.1848527 *0.2477769  0.1924233  0.1700955  0.1507959  0.0173533  0.0112321  0.0124568  0.0130135 
    810402  0.1736892 *0.2314177  0.1945204  0.1737018  0.1621206  0.0307761  0.0123719  0.0108119  0.0105904 
      </s>  0.1746649 *0.1958321  0.1680076  0.1558533  0.1429252  0.0468687  0.0403811  0.0381205  0.0373466 

[2022-02-08 11:07:13,632 INFO]                   A46       E916     P88.01     P88.38     D805.4 
    650620  0.1981523 *0.2384870  0.2150129  0.2128676  0.1354802 
      </s>  0.2182312 *0.2456567  0.2196173  0.2098729  0.1066219 

[2022-02-08 11:07:13,633 INFO]                   A35     E834.6     P79.32     P79.62     P79.72     P86.22     P96.59    D812.40    D813.17    D813.31    D832.00 
    751101  0.1372902 *0.1570479  0.1459220  0.0838585  0.1293022  0.1300776  0.1451894  0.0197735  0.0243872  0.0167328  0.0104188 
    752801  0.1552736 *0.1696476  0.1473928  0.0962399  0.1236766  0.1106417  0.1239620  0.0157669  0.0251925  0.0182942  0.0139122 
    753201  0.2017600 *0.2174667  0.1593915  0.0782342  0.1150571  0.0887950  0.0988049  0.0055674  0.0161806  0.0093244  0.0094184 
    772020  0.1660901 *0.1860889  0.1500627  0.0907559  0.1274730  0.1074986  0.1151211  0.0092056  0.0202771  0.0119805  0.0154467 
      </s>  0.1629850 *0.1723474  0.1419070  0.0936875  0.1216365  0.1044088  0.1049072  0.0177860  0.0320899  0.0210597  0.0271850 

[2022-02-08 11:07:13,633 INFO]                   A75     E888.8     P38.93     P89.52     D808.0     D808.2 
    856151  0.1740203 *0.2317801  0.2153145  0.2144121  0.1008546  0.0636184 
    856200  0.1236340  0.0927448  0.0748974  0.0758615 *0.5050332  0.1278291 
      </s> *0.2595491  0.2204771  0.1628187  0.1530601  0.0948888  0.1092063 

[2022-02-08 11:07:13,633 INFO]                   A24     E885.9        P-1     D850.1 
    161000  0.3373739 *0.3484572  0.2799944  0.0341745 
    161003  0.3486383 *0.3511772  0.2782479  0.0219366 
      </s>  0.3150874 *0.3214920  0.2770820  0.0863385 

[2022-02-08 11:07:13,633 INFO]                   A24     E816.2     P38.93     P87.03     P87.41     P88.01     P88.38     P88.41    D959.09 
    300099  0.1109433 *0.1326605  0.1267982  0.1174929  0.1147964  0.1146214  0.1163284  0.1171011  0.0492578 
      </s>  0.1247690 *0.1305399  0.1264445  0.1210465  0.1223719  0.1228463  0.1107847  0.1010754  0.0401219 

[2022-02-08 11:07:13,633 INFO]                   A40       E882     P87.03     P88.38     P88.38     P88.77    D852.20       D920 
    110402  0.1672691 *0.1833573  0.1578044  0.1423278  0.1338333  0.1512423  0.0519292  0.0122366 
    140651  0.1676924 *0.1857608  0.1597951  0.1452865  0.1371134  0.1483612  0.0423867  0.0136039 
      </s> *0.1764353  0.1673603  0.1519938  0.1400913  0.1336762  0.1420997  0.0575486  0.0307948 

[2022-02-08 11:07:13,633 INFO]                   A19     E816.0     P86.59     P87.03     P87.41     P88.01     P88.38     P89.52    D800.36     D850.5    D853.06     D873.0    D873.42    D873.44    D873.63    D881.00 
    110602  0.1112892 *0.1335290  0.1176331  0.1020580  0.1000916  0.1008383  0.1153202  0.1128758  0.0530565  0.0244460  0.0165864  0.0044178  0.0022256  0.0022195  0.0019968  0.0014161 
    140629  0.1062715 *0.1184123  0.1021712  0.0954492  0.0968162  0.0976160  0.0981854  0.0996279  0.0888833  0.0457876  0.0222279  0.0093186  0.0053021  0.0051243  0.0048089  0.0039977 
    150400  0.1002679  0.1007106  0.0809103  0.0755015  0.0765987  0.0790424  0.0793653  0.0741864 *0.1560540  0.0856064  0.0344560  0.0178458  0.0108668  0.0101001  0.0104258  0.0080620 
    161002  0.1291149 *0.1499992  0.1113354  0.0968740  0.0984011  0.1008106  0.1031253  0.0981688  0.0754850  0.0187358  0.0112985  0.0021721  0.0010498  0.0010657  0.0013670  0.0009968 
    210602  0.1281252 *0.1464727  0.1168393  0.1044584  0.1072848  0.1092109  0.1071074  0.1040942  0.0455474  0.0154546  0.0089516  0.0018731  0.0010263  0.0011198  0.0013833  0.0010509 
    251404  0.1359087 *0.1445917  0.1192132  0.1083695  0.1107946  0.1130721  0.1061226  0.1016106  0.0330443  0.0144147  0.0075423  0.0015235  0.0008330  0.0009168  0.0011271  0.0009153 
    710602  0.1248348 *0.1587031  0.1224891  0.1130938  0.1120709  0.1136502  0.1090485  0.1070085  0.0179764  0.0083141  0.0064698  0.0014603  0.0009644  0.0011091  0.0015556  0.0012513 
      </s>  0.1278646 *0.1553416  0.1140684  0.1116964  0.1146886  0.1146329  0.1062740  0.1155519  0.0197866  0.0079601  0.0052056  0.0017844  0.0011961  0.0014054  0.0014631  0.0010804 

[2022-02-08 11:07:13,633 INFO]                   A39     E881.0     P93.54     P93.59    D813.05    D823.00    D823.01     D919.0 
    752161 *0.2256190  0.2184120  0.2031957  0.2133394  0.0497580  0.0235578  0.0314845  0.0346336 
    854171 *0.2525730  0.2194261  0.2099950  0.2023369  0.0342036  0.0238263  0.0227167  0.0349225 
    854471 *0.2917506  0.2458741  0.1965033  0.1816150  0.0316480  0.0169141  0.0138342  0.0218607 
    910200 *0.2008305  0.1879733  0.1543838  0.1399208  0.0880549  0.0868292  0.0670917  0.0749158 
      </s> *0.2370546  0.1934890  0.1462438  0.1396404  0.0824264  0.0716992  0.0555902  0.0738565 

[2022-02-08 11:07:13,634 INFO]                   A53     E960.0        P-1     D850.9     D871.1     D921.1     D921.3 
    161000  0.2588427 *0.2996340  0.2275990  0.0596376  0.0728957  0.0402716  0.0411195 
    210402  0.3005585 *0.3475039  0.2539430  0.0419348  0.0261370  0.0143771  0.0155458 
    240499  0.2867427 *0.3837743  0.2706051  0.0308972  0.0133196  0.0075008  0.0071603 
    241200  0.2781778 *0.3664988  0.2733640  0.0353794  0.0196180  0.0135008  0.0134611 
      </s>  0.2709766 *0.2894466  0.2495499  0.0850711  0.0406200  0.0326835  0.0316524 

[2022-02-08 11:07:13,634 INFO]                   A21     E888.9     P87.03     P87.41     P88.01     P88.38     D850.9     D910.0       D920     D991.6 
     10002  0.1749248 *0.2180560  0.1715724  0.1493885  0.1410931  0.1363505  0.0076379  0.0005422  0.0002438  0.0001908 
    161000  0.1740604 *0.2041560  0.1659371  0.1483456  0.1434685  0.1363434  0.0205258  0.0032857  0.0021126  0.0017649 
    210202  0.1846044 *0.1943518  0.1572916  0.1485887  0.1480344  0.1345481  0.0242803  0.0042086  0.0027338  0.0013582 
    210402 *0.1774847  0.1715713  0.1555136  0.1531898  0.1556289  0.1434924  0.0314808  0.0059963  0.0040880  0.0015541 
      </s> *0.1596099  0.1546257  0.1447712  0.1455548  0.1487566  0.1380436  0.0591535  0.0219564  0.0197645  0.0077639 

[2022-02-08 11:07:13,634 INFO]                   A67     E888.9     P87.03     P88.41     P88.91    D853.00 
    140629  0.1904205 *0.1941982  0.1917986  0.1928443  0.1848528  0.0458857 
      </s> *0.2127886  0.1839560  0.1837354  0.1846834  0.1842428  0.0505938 

[2022-02-08 11:07:13,634 INFO]                   A78     E880.9        P-1    D800.01    D801.01     D802.0     D802.8     D850.0 
    150400  0.1661530  0.1769091  0.1522192 *0.3594572  0.0786914  0.0394206  0.0168015  0.0103479 
    161001 *0.2921647  0.2547766  0.1967202  0.1863467  0.0271770  0.0209516  0.0168458  0.0050173 
    250800 *0.2949326  0.2512422  0.2034984  0.1110495  0.0349567  0.0384623  0.0550251  0.0108334 
    251000 *0.2982478  0.2485892  0.1921323  0.0938483  0.0396862  0.0406236  0.0750501  0.0118225 
    251231 *0.2854351  0.2723998  0.2123903  0.0650085  0.0394868  0.0501788  0.0651875  0.0099132 
      </s> *0.2759294  0.2680412  0.2093848  0.0788429  0.0483879  0.0461393  0.0593920  0.0138826 

[2022-02-08 11:07:13,634 INFO]                   A83     E884.3     P88.38     P88.38     P89.52     P99.04    D852.01    D852.21    D853.01    D873.42     D922.2    D923.20     D924.9 
    140638  0.1373251 *0.1603702  0.1499858  0.1405557  0.1489678  0.1516904  0.0290532  0.0238869  0.0139224  0.0097753  0.0112542  0.0108609  0.0123523 
    140651 *0.1761798  0.1717391  0.1519074  0.1355065  0.1472051  0.1517524  0.0174873  0.0111064  0.0071813  0.0052964  0.0073434  0.0078572  0.0094379 
    140694 *0.2045467  0.1829655  0.1523265  0.1358721  0.1453197  0.1460150  0.0088823  0.0060237  0.0029054  0.0021482  0.0034220  0.0041197  0.0054532 
    210602  0.1919037 *0.1954811  0.1587105  0.1430893  0.1431060  0.1412564  0.0108245  0.0053641  0.0026854  0.0014431  0.0016146  0.0018415  0.0026797 
    510402  0.1901879 *0.2065729  0.1592670  0.1392726  0.1405276  0.1366219  0.0131687  0.0058990  0.0028061  0.0013976  0.0012099  0.0012498  0.0018189 
    710402  0.1502560 *0.2196938  0.1621744  0.1394839  0.1467949  0.1412436  0.0141826  0.0075232  0.0052457  0.0034578  0.0029838  0.0029218  0.0040384 
    910400  0.1198674 *0.1913839  0.1624273  0.1464282  0.1633182  0.1572236  0.0189387  0.0122552  0.0085622  0.0054194  0.0047195  0.0039444  0.0055121 
      </s> *0.1859984  0.1591805  0.1391552  0.1289924  0.1359884  0.1285148  0.0338800  0.0216538  0.0123091  0.0113579  0.0129119  0.0140669  0.0159906 

[2022-02-08 11:07:13,634 INFO]                   A64     E884.3     P79.39     P81.96    D820.21 
    853151  0.2038154 *0.2538126  0.2278817  0.2339243  0.0805661 
      </s> *0.2530538  0.2126065  0.2071643  0.1769226  0.1502528 

[2022-02-08 11:07:13,675 INFO]                   A25     E885.9     P27.51     P79.39     P79.79     P86.59     P93.55    D802.21    D802.36    D873.40    D873.43 
    210602  0.1563662 *0.1880673  0.1566522  0.1084461  0.1276287  0.1245099  0.1049792  0.0102369  0.0152144  0.0041758  0.0037232 
    250603  0.1448732 *0.1546825  0.1470383  0.1029665  0.1417481  0.1289388  0.1120688  0.0191394  0.0332121  0.0082295  0.0071027 
    250614 *0.1385974  0.1378505  0.1331358  0.1065803  0.1348061  0.1231936  0.1098460  0.0286818  0.0473862  0.0202859  0.0196364 
      </s>  0.1394852 *0.1452978  0.1295040  0.1101230  0.1196991  0.1121707  0.1082088  0.0291865  0.0455084  0.0297784  0.0310381 

[2022-02-08 11:07:13,675 INFO]                   A39     E884.9     P00.33     P00.33     P00.33     P38.93     P77.67     P78.17     P78.19     P78.68     P78.69     P79.36     P79.36     P79.37     P80.87     P83.14     P83.91     P84.72     P86.59     P87.03     P87.41     P88.01     P88.38     P89.52     P93.56    D823.00     D824.0     D824.1     D824.8     D824.9     D825.0    D825.25     D910.0     D959.7 
    210202 *0.0620401  0.0593818  0.0473478  0.0438987  0.0436741  0.0376637  0.0310324  0.0245035  0.0330624  0.0299382  0.0297377  0.0303158  0.0295188  0.0326384  0.0269098  0.0354177  0.0318668  0.0405270  0.0396568  0.0368938  0.0404800  0.0426053  0.0434930  0.0441829  0.0497806  0.0076115  0.0024846  0.0025765  0.0025676  0.0028024  0.0030442  0.0049631  0.0031805  0.0042027 
    800099  0.0457094 *0.0468688  0.0433390  0.0414418  0.0409149  0.0367961  0.0322171  0.0291684  0.0342732  0.0319190  0.0333987  0.0329676  0.0320120  0.0337377  0.0300260  0.0405454  0.0360255  0.0395568  0.0382324  0.0375470  0.0386469  0.0393677  0.0401470  0.0401131  0.0436215  0.0122291  0.0057022  0.0057382  0.0057206  0.0060082  0.0058472  0.0074640  0.0055149  0.0071824 
    854171  0.0466515  0.0446935  0.0434545  0.0424118  0.0418027  0.0392454  0.0269766  0.0227522  0.0323305  0.0276467  0.0311164  0.0302155  0.0290057  0.0311529  0.0239589  0.0406084  0.0338725  0.0406013  0.0377067  0.0392004  0.0420110  0.0420764  0.0424542  0.0448537 *0.0485681  0.0093168  0.0063581  0.0075177  0.0069083  0.0076758  0.0079536  0.0096672  0.0085158  0.0107194 
    854331 *0.0666390  0.0552162  0.0444911  0.0424217  0.0421172  0.0363799  0.0281247  0.0249003  0.0326129  0.0262542  0.0289096  0.0296688  0.0288411  0.0325246  0.0228927  0.0294614  0.0286900  0.0392364  0.0376093  0.0390174  0.0452821  0.0472347  0.0455247  0.0462072  0.0462271  0.0055611  0.0034344  0.0046368  0.0042437  0.0052183  0.0058865  0.0076610  0.0081768  0.0086971 
    854351 *0.0738064  0.0602407  0.0453431  0.0426797  0.0425080  0.0357406  0.0282902  0.0251306  0.0318676  0.0258414  0.0279411  0.0297197  0.0291216  0.0327415  0.0230123  0.0265684  0.0266116  0.0387816  0.0378292  0.0394636  0.0466883  0.0493442  0.0468966  0.0473508  0.0462675  0.0049492  0.0026002  0.0032774  0.0031867  0.0038669  0.0043194  0.0059158  0.0058409  0.0062573 
    854441 *0.0691121  0.0564712  0.0428492  0.0407925  0.0407777  0.0346764  0.0292362  0.0271772  0.0323165  0.0276384  0.0291307  0.0307982  0.0302187  0.0336335  0.0245097  0.0267109  0.0278746  0.0378990  0.0376000  0.0392026  0.0458556  0.0484679  0.0458097  0.0451541  0.0417484  0.0064109  0.0038257  0.0045395  0.0043637  0.0051410  0.0059991  0.0072842  0.0082116  0.0085631 
    854442 *0.0596130  0.0510621  0.0405951  0.0390985  0.0392016  0.0346022  0.0302558  0.0288870  0.0321766  0.0287850  0.0294076  0.0317409  0.0315146  0.0333091  0.0266811  0.0280873  0.0295855  0.0372985  0.0369922  0.0391273  0.0442713  0.0461237  0.0442904  0.0438677  0.0394774  0.0086551  0.0058526  0.0064017  0.0061776  0.0069290  0.0074492  0.0086314  0.0113775  0.0124744 
    857300 *0.0549218  0.0494271  0.0397304  0.0382538  0.0385438  0.0354443  0.0312883  0.0295956  0.0317415  0.0295286  0.0293180  0.0322132  0.0322938  0.0329826  0.0282756  0.0285765  0.0305252  0.0372854  0.0367266  0.0395612  0.0441857  0.0455694  0.0438228  0.0444943  0.0393442  0.0095131  0.0065608  0.0065973  0.0065222  0.0069931  0.0078390  0.0086610  0.0109088  0.0127547 
    857400 *0.0665592  0.0607580  0.0414956  0.0378595  0.0381888  0.0373025  0.0316942  0.0272128  0.0315241  0.0310169  0.0305947  0.0322505  0.0315137  0.0333055  0.0288108  0.0246915  0.0282234  0.0377487  0.0374375  0.0398797  0.0458882  0.0481374  0.0450331  0.0472667  0.0403578  0.0063913  0.0031076  0.0031145  0.0034194  0.0036260  0.0048401  0.0060111  0.0062536  0.0084853 
    877199 *0.0820894  0.0694812  0.0423890  0.0375835  0.0380601  0.0369944  0.0307990  0.0243800  0.0308723  0.0301101  0.0310491  0.0307041  0.0292725  0.0335544  0.0273274  0.0208123  0.0247003  0.0364896  0.0374721  0.0390184  0.0468486  0.0503393  0.0453360  0.0479179  0.0406442  0.0047872  0.0019693  0.0020777  0.0023970  0.0024824  0.0042988  0.0061348  0.0050616  0.0065461 
      </s> *0.0818079  0.0664467  0.0418293  0.0374901  0.0377541  0.0362904  0.0313249  0.0260140  0.0321090  0.0309440  0.0315047  0.0312726  0.0297960  0.0344728  0.0272329  0.0204118  0.0242251  0.0357090  0.0376043  0.0382817  0.0456298  0.0489297  0.0437964  0.0452901  0.0392267  0.0062741  0.0025873  0.0027458  0.0031889  0.0033599  0.0050651  0.0078607  0.0062916  0.0072327 

[2022-02-08 11:07:13,675 INFO]                   A67     E885.9        P-1     D850.9    D852.29    D873.42 
    140650  0.3074365 *0.3245364  0.2772087  0.0498037  0.0282735  0.0127412 
    161000  0.3338150 *0.3356560  0.2520637  0.0454820  0.0226126  0.0103708 
    210600  0.2962266 *0.3189766  0.2558777  0.0649034  0.0425818  0.0214338 
      </s>  0.2602647 *0.2618056  0.2258543  0.1132400  0.0769229  0.0619125 

[2022-02-08 11:07:13,675 INFO]                   A57     E816.2     P87.41     P88.01     P88.38    D811.09 
    750951  0.1601532  0.1925663  0.1802663  0.1768214 *0.1961633  0.0940295 
      </s>  0.1840518 *0.1845095  0.1771818  0.1755288  0.1681373  0.1105908 

[2022-02-08 11:07:13,676 INFO]                   A86     E884.9     P38.93     P57.94     P79.35     P87.03     P89.52    D820.21     D824.0 
    853151  0.1464362 *0.1489362  0.1297135  0.1306376  0.1205203  0.1249762  0.1331256  0.0455747  0.0200797 
    854351 *0.1642904  0.1477010  0.1182682  0.1145128  0.1114757  0.1173803  0.1232811  0.0676760  0.0354146 
      </s> *0.1796076  0.1487388  0.1171076  0.1075608  0.0822747  0.1111407  0.1137531  0.0795626  0.0602541 

[2022-02-08 11:07:13,676 INFO]                   A42     E988.9     P80.51     D805.4     D850.9 
    161000  0.2544208 *0.3062930  0.2759569  0.1205082  0.0428212 
    650616  0.2172387 *0.2783457  0.2735405  0.1626980  0.0681772 
      </s>  0.2831196 *0.3067398  0.2395617  0.1132993  0.0572796 

[2022-02-08 11:07:13,676 INFO]                   A35       E966     P86.22     P86.59     P96.04     P96.71     D879.3     D882.0     D890.0 
    510602  0.1529296 *0.1579303  0.1444583  0.1467737  0.1366563  0.1305548  0.0489970  0.0429678  0.0387323 
    710602  0.1465742 *0.1708153  0.1595742  0.1450124  0.1393561  0.1327478  0.0381900  0.0341045  0.0336257 
    810602  0.1661237 *0.1727118  0.1640062  0.1403664  0.1343889  0.1331972  0.0362918  0.0279404  0.0249735 
      </s> *0.2149147  0.1694219  0.1352004  0.1323517  0.1176448  0.1119480  0.0341512  0.0394132  0.0449541 

[2022-02-08 11:07:13,676 INFO]                   A33       E882     P00.33     P79.02     P79.15     P79.32     P79.35     P83.14     P86.28     P87.03     P87.41     P88.01     P88.38     P88.38     P88.38     P88.40     P89.52     P93.54    D801.02     D802.8    D813.41    D813.43     D820.8    D821.01     D910.0       D920    D923.21 
    110402  0.0764901 *0.0768011  0.0597843  0.0421871  0.0394730  0.0385009  0.0431425  0.0584607  0.0475617  0.0448563  0.0506346  0.0538679  0.0523499  0.0503387  0.0495256  0.0653168  0.0565041  0.0571638  0.0143243  0.0080970  0.0042736  0.0036388  0.0024726  0.0023117  0.0009400  0.0004710  0.0005119 
    150200 *0.0723898  0.0708299  0.0549778  0.0443482  0.0453519  0.0423563  0.0482058  0.0554944  0.0489544  0.0445147  0.0487922  0.0514294  0.0504839  0.0490382  0.0484502  0.0615937  0.0546306  0.0556845  0.0164929  0.0095124  0.0056547  0.0053965  0.0043312  0.0048171  0.0029771  0.0016150  0.0016774 
    210202  0.0858127 *0.0860562  0.0620403  0.0515974  0.0335101  0.0414297  0.0367063  0.0335924  0.0403855  0.0417447  0.0505758  0.0553560  0.0559368  0.0552479  0.0548761  0.0655040  0.0595840  0.0585130  0.0086815  0.0129357  0.0025976  0.0028666  0.0016442  0.0013446  0.0005821  0.0003947  0.0004842 
    251200  0.0729337 *0.0743718  0.0611953  0.0559166  0.0323534  0.0430556  0.0332214  0.0327501  0.0444764  0.0448638  0.0516496  0.0554941  0.0557872  0.0552613  0.0548922  0.0644118  0.0580894  0.0561973  0.0133051  0.0197796  0.0059564  0.0055995  0.0032072  0.0026074  0.0011171  0.0007053  0.0008013 
    710402  0.0664966 *0.0807977  0.0642113  0.0522057  0.0302914  0.0436391  0.0335980  0.0370203  0.0453506  0.0455831  0.0508031  0.0542376  0.0556847  0.0563362  0.0565700  0.0631636  0.0575174  0.0575395  0.0153608  0.0162819  0.0050002  0.0052412  0.0025874  0.0019898  0.0009535  0.0007223  0.0008168 
    752353  0.0588812 *0.0727142  0.0612753  0.0517675  0.0372371  0.0469415  0.0438157  0.0429164  0.0445725  0.0462972  0.0511090  0.0528089  0.0553665  0.0571457  0.0575749  0.0586389  0.0592593  0.0621790  0.0137715  0.0123507  0.0027139  0.0034174  0.0023605  0.0018124  0.0010938  0.0009348  0.0010439 
    752361  0.0577350 *0.0730815  0.0594533  0.0586849  0.0440087  0.0550588  0.0479739  0.0453571  0.0450240  0.0458466  0.0500637  0.0517359  0.0499126  0.0492176  0.0489996  0.0557590  0.0570185  0.0601985  0.0097383  0.0118678  0.0048684  0.0057470  0.0037435  0.0033835  0.0018064  0.0018125  0.0019034 
    853161  0.0429674  0.0570385  0.0526969  0.0521625  0.0589113  0.0597659 *0.0656326  0.0569260  0.0469099  0.0469035  0.0453257  0.0444363  0.0461571  0.0467758  0.0468201  0.0460403  0.0508788  0.0579447  0.0120420  0.0082420  0.0070711  0.0096029  0.0078995  0.0091847  0.0066642  0.0076819  0.0073185 
    853271  0.0571010  0.0598951  0.0552647  0.0471972  0.0508873  0.0561401  0.0583236  0.0474750  0.0428279  0.0463892  0.0480449  0.0485030  0.0529332  0.0577314  0.0593734  0.0554715  0.0548024 *0.0622298  0.0105067  0.0105363  0.0018352  0.0029288  0.0031363  0.0029024  0.0024117  0.0022522  0.0028994 
      </s> *0.0654639  0.0513655  0.0464727  0.0402747  0.0361779  0.0375532  0.0379817  0.0354065  0.0421405  0.0425316  0.0462620  0.0482135  0.0467183  0.0456535  0.0452843  0.0518694  0.0463243  0.0439205  0.0325163  0.0352714  0.0158206  0.0182109  0.0233426  0.0235606  0.0182542  0.0112054  0.0122041 

[2022-02-08 11:07:13,676 INFO]                   A30     E812.2      P38.7     P79.32     P79.39     P86.59     P96.59    D800.10    D800.20    D801.00    D813.44    D839.42    D839.69     D922.2    D923.00    D923.21    D924.21 
    140602  0.1378782 *0.1470929  0.1220404  0.1074248  0.1098073  0.1027087  0.1052809  0.0372856  0.0166089  0.0188687  0.0136207  0.0167114  0.0170388  0.0115216  0.0115063  0.0116467  0.0129581 
    140693 *0.1666258  0.1617362  0.1247941  0.0961671  0.1071266  0.0974501  0.0977726  0.0385689  0.0166050  0.0157737  0.0086028  0.0122237  0.0128166  0.0107707  0.0108196  0.0106161  0.0115304 
    150200 *0.1864398  0.1756576  0.1130968  0.0866078  0.1098863  0.0978743  0.0852085  0.0428476  0.0217377  0.0213304  0.0110992  0.0123663  0.0107407  0.0063165  0.0060783  0.0058756  0.0068364 
    150400 *0.1756959  0.1553419  0.1053344  0.0835867  0.1191510  0.1036153  0.0780771  0.0549642  0.0278856  0.0279382  0.0152582  0.0131188  0.0119309  0.0061588  0.0065686  0.0072671  0.0081072 
    510402  0.1882902 *0.1914909  0.1176679  0.0919665  0.1093922  0.1053329  0.0896885  0.0341522  0.0193325  0.0174855  0.0061249  0.0072086  0.0070022  0.0036472  0.0036008  0.0034100  0.0042070 
    710402  0.1682166 *0.1929500  0.1235292  0.1049131  0.1149069  0.1056457  0.0991304  0.0290520  0.0160526  0.0151252  0.0050170  0.0063850  0.0064573  0.0033696  0.0029652  0.0027838  0.0035005 
    752801  0.1676340 *0.1949939  0.1201460  0.1056244  0.1051198  0.1015632  0.1141846  0.0400597  0.0176247  0.0136099  0.0022884  0.0035845  0.0038223  0.0025919  0.0023536  0.0021247  0.0026744 
    753201  0.2133984 *0.2382817  0.1278331  0.0992096  0.0937337  0.0875081  0.1015349  0.0143392  0.0063571  0.0064867  0.0011015  0.0022030  0.0024625  0.0014502  0.0012907  0.0011272  0.0016824 
    810402  0.1841209 *0.2069090  0.1249051  0.1007450  0.0997942  0.0943524  0.1148615  0.0235917  0.0122483  0.0117696  0.0027689  0.0049003  0.0057925  0.0034869  0.0030129  0.0027333  0.0040074 
    856161  0.1551691 *0.1831121  0.1198162  0.1055907  0.1091399  0.1052619  0.1253023  0.0308464  0.0164322  0.0166919  0.0040317  0.0057881  0.0070459  0.0038807  0.0035717  0.0034623  0.0048569 
      </s> *0.1629216  0.1537841  0.1063800  0.0820271  0.0975318  0.0972049  0.0942597  0.0417409  0.0295187  0.0297991  0.0099076  0.0154930  0.0262943  0.0129283  0.0124360  0.0118917  0.0158810 

[2022-02-08 11:07:13,677 INFO]                   A89     E885.9     P79.15     P88.38     P93.46     P93.59     D808.2    D812.02     D820.8 
    751171  0.1104098  0.1477526  0.1213146  0.1519805  0.1664294 *0.1674184  0.0830049  0.0329446  0.0187452 
    853161  0.1167316 *0.1534880  0.1500444  0.1306028  0.1526270  0.1470812  0.0894096  0.0363089  0.0237065 
    856151  0.1351488 *0.1442427  0.1138143  0.1358685  0.1416369  0.1435502  0.1089935  0.0439364  0.0328088 
      </s>  0.1653298  0.1219188  0.0895684  0.0991378  0.0989842  0.0953162 *0.1920571  0.0678963  0.0697913 

[2022-02-08 11:07:13,677 INFO]                   A29     E881.0     P79.02    D813.42    D813.81    D924.11 
    752351  0.2349073 *0.2843710  0.2468609  0.0963780  0.0623406  0.0751422 
    752351  0.2435109 *0.2557813  0.2294566  0.0918802  0.0790134  0.1003576 
    810402  0.2231050 *0.2401610  0.2290192  0.1060319  0.1013760  0.1003069 
      </s> *0.2025530  0.1777479  0.1601895  0.1391516  0.1652574  0.1551005 

[2022-02-08 11:07:13,677 INFO]                   A51       E882     P03.09     P08.51     P08.84     P16.09      P16.1     P38.93     P57.94     P87.03     P87.41     P88.01     P88.38     P88.38     P88.79     P88.91     P88.97    D801.50    D852.00    D854.00     D870.1     D870.3     D870.4    D873.42       D920 
    110402  0.0763669 *0.0872110  0.0515704  0.0467418  0.0378602  0.0314103  0.0318072  0.0413720  0.0497482  0.0492107  0.0548251  0.0584245  0.0599806  0.0589212  0.0563382  0.0659075  0.0708961  0.0377664  0.0141104  0.0055713  0.0029290  0.0033980  0.0038299  0.0025973  0.0012053 
    140682  0.0699363 *0.0788283  0.0547297  0.0481134  0.0401926  0.0352797  0.0356985  0.0434187  0.0507511  0.0490363  0.0530953  0.0553067  0.0558024  0.0551114  0.0554173  0.0596373  0.0645409  0.0399399  0.0177365  0.0102127  0.0061779  0.0064474  0.0065432  0.0049892  0.0030575 
    140693  0.0849967 *0.0860601  0.0549414  0.0479344  0.0380813  0.0308022  0.0316398  0.0403222  0.0479013  0.0463668  0.0525410  0.0560462  0.0554662  0.0540360  0.0561566  0.0609234  0.0682774  0.0346487  0.0170942  0.0092636  0.0054641  0.0063866  0.0069235  0.0049226  0.0028038 
    150200  0.0890330 *0.0937485  0.0578615  0.0500133  0.0415647  0.0330789  0.0314763  0.0368630  0.0423886  0.0432511  0.0505378  0.0557661  0.0531724  0.0505329  0.0533571  0.0603385  0.0731225  0.0509548  0.0146814  0.0052286  0.0026961  0.0030980  0.0036059  0.0023694  0.0012597 
    210600  0.0738815 *0.0845332  0.0673805  0.0574570  0.0503486  0.0387154  0.0332131  0.0391012  0.0448863  0.0465883  0.0533281  0.0574700  0.0577301  0.0567129  0.0544077  0.0620371  0.0683243  0.0272296  0.0106903  0.0038989  0.0022576  0.0027923  0.0033664  0.0023433  0.0013061 
    240499  0.0687921 *0.0860098  0.0655886  0.0574616  0.0538657  0.0432585  0.0360335  0.0405517  0.0463364  0.0477240  0.0531421  0.0569175  0.0560183  0.0540421  0.0533935  0.0609543  0.0691817  0.0300212  0.0098295  0.0032595  0.0017250  0.0017072  0.0020118  0.0013967  0.0007777 
    241200  0.0627084 *0.0811031  0.0717281  0.0612664  0.0600406  0.0476609  0.0378165  0.0419008  0.0472266  0.0484616  0.0525872  0.0555288  0.0540475  0.0519822  0.0517333  0.0590142  0.0661737  0.0283200  0.0100487  0.0029396  0.0017055  0.0016883  0.0020246  0.0014491  0.0008444 
      </s>  0.0616229 *0.0791269  0.0652100  0.0597156  0.0575095  0.0467209  0.0378811  0.0432814  0.0491018  0.0504969  0.0540748  0.0565887  0.0549939  0.0536486  0.0545971  0.0607248  0.0661269  0.0248962  0.0098637  0.0030623  0.0021145  0.0023077  0.0028375  0.0020928  0.0014033 

[2022-02-08 11:07:13,677 INFO]                   A80     E885.9     P87.03     P88.38    D805.02 
    650228  0.2303969 *0.2444401  0.2216368  0.2137958  0.0897304 
      </s>  0.2122279 *0.2337364  0.2206329  0.2054053  0.1279975 

[2022-02-08 11:07:13,677 INFO]                   A24     E965.0        P-1    D823.81     D891.0 
    810600  0.2129675 *0.3440734  0.2820735  0.1067591  0.0541266 
    854441 *0.3175240  0.2235549  0.2980584  0.0916439  0.0692188 
      </s> *0.2987067  0.1967083  0.1999530  0.1505682  0.1540638 

[2022-02-08 11:07:13,677 INFO]                   A50     E816.2     P00.33      P38.7     P38.93     P57.94     P78.17     P78.67     P79.06     P79.36     P83.65     P87.03     P87.41     P88.01     P88.38     P88.38     P88.79     P88.91     P89.52     P93.56     D802.4     D802.8    D823.00     D850.5    D873.49    D880.01     D918.9 
    161002  0.0534260 *0.0776534  0.0583436  0.0354039  0.0363121  0.0418461  0.0285497  0.0305772  0.0398666  0.0407376  0.0381168  0.0394414  0.0437519  0.0471952  0.0544655  0.0583015  0.0488533  0.0538267  0.0566574  0.0570203  0.0357307  0.0155963  0.0033345  0.0022562  0.0010011  0.0010330  0.0007021 
    210600  0.0596379 *0.0778128  0.0590009  0.0411125  0.0382367  0.0417516  0.0348510  0.0340365  0.0409569  0.0403376  0.0388706  0.0396143  0.0454524  0.0491179  0.0503362  0.0504530  0.0494661  0.0530728  0.0528795  0.0528780  0.0233258  0.0154120  0.0052216  0.0027007  0.0012104  0.0013079  0.0009464 
    240499  0.0574234 *0.0710658  0.0579344  0.0454687  0.0401775  0.0417515  0.0426994  0.0406754  0.0437208  0.0423340  0.0421634  0.0402285  0.0449797  0.0482010  0.0487083  0.0480400  0.0467850  0.0513177  0.0509277  0.0506497  0.0204534  0.0130758  0.0054788  0.0026712  0.0011126  0.0011906  0.0007657 
    251200  0.0548626 *0.0613137  0.0510831  0.0467251  0.0387027  0.0376062  0.0472365  0.0508189  0.0457474  0.0421747  0.0438991  0.0380723  0.0420969  0.0448663  0.0453483  0.0452016  0.0436446  0.0482242  0.0456518  0.0434097  0.0404427  0.0288358  0.0075092  0.0028580  0.0013147  0.0013343  0.0010194 
    251800  0.0606927 *0.0732522  0.0583105  0.0425005  0.0376357  0.0400421  0.0381792  0.0370615  0.0439187  0.0424150  0.0412662  0.0404331  0.0439265  0.0471096  0.0482531  0.0487409  0.0464770  0.0518269  0.0488428  0.0509045  0.0245161  0.0206653  0.0063006  0.0027437  0.0013465  0.0013638  0.0012754 
    710600  0.0552411 *0.0860029  0.0674686  0.0392101  0.0373403  0.0444580  0.0331330  0.0279659  0.0423382  0.0424490  0.0385416  0.0407601  0.0445703  0.0479203  0.0506550  0.0518400  0.0481961  0.0545673  0.0544160  0.0631565  0.0139831  0.0099074  0.0028312  0.0014058  0.0005828  0.0005841  0.0004753 
    854171  0.0533974 *0.0713020  0.0615652  0.0429656  0.0430107  0.0516512  0.0314286  0.0278603  0.0402454  0.0406100  0.0362358  0.0416856  0.0475035  0.0499574  0.0486172  0.0478164  0.0564513  0.0544024  0.0572269  0.0630859  0.0108436  0.0105492  0.0035702  0.0031235  0.0017445  0.0017517  0.0013985 
      </s>  0.0678875 *0.0715420  0.0548627  0.0440255  0.0399284  0.0424297  0.0347062  0.0361559  0.0423851  0.0406150  0.0379954  0.0393527  0.0451880  0.0487161  0.0439725  0.0407427  0.0484976  0.0507256  0.0481604  0.0478936  0.0189603  0.0237530  0.0113845  0.0080180  0.0044922  0.0039963  0.0036131 

[2022-02-08 11:07:13,678 INFO]                   A67     E885.9     P81.52     P87.03     P93.46     D820.8 
    853161  0.1131284  0.1653941 *0.2841058  0.1802684  0.1835567  0.0735466 
      </s> *0.2449539  0.2098267  0.1163257  0.1547957  0.1528524  0.1212455 

[2022-02-08 11:07:13,678 INFO]                   A59     E885.9        P-1     D850.1    D873.44       D920 
    161000  0.3381431 *0.3561550  0.2754491  0.0137444  0.0096973  0.0068111 
    161003  0.3500469 *0.3711880  0.2693351  0.0045120  0.0030484  0.0018696 
    210402  0.3497370 *0.3742330  0.2651468  0.0053567  0.0034917  0.0020348 
    210600  0.3003620 *0.3894592  0.2937859  0.0072278  0.0052757  0.0038894 
      </s>  0.2992184 *0.3246184  0.2663395  0.0398970  0.0376814  0.0322453 

[2022-02-08 11:07:13,678 INFO]                   A61     E968.2     P88.77    D800.00    D802.21    D802.24     D802.4     D802.6    D852.00    D854.00 
    140682  0.2352581 *0.2925181  0.2680767  0.1135330  0.0141076  0.0149730  0.0183429  0.0200225  0.0134120  0.0097560 
    140693  0.2450547 *0.2644138  0.2214684  0.1408002  0.0198645  0.0158184  0.0215559  0.0286017  0.0231756  0.0192467 
    150400  0.2252059 *0.2445618  0.1995992  0.2077446  0.0277331  0.0200276  0.0217931  0.0296800  0.0135963  0.0100583 
    250608  0.2495371 *0.2746119  0.2370877  0.1543300  0.0139585  0.0136280  0.0173096  0.0210165  0.0103386  0.0081821 
    250800  0.2660666 *0.2770416  0.2432382  0.1160058  0.0140479  0.0152489  0.0195786  0.0257548  0.0145580  0.0084595 
    251221  0.2445737 *0.3002749  0.2724804  0.1101602  0.0114080  0.0129258  0.0136779  0.0159707  0.0112725  0.0072558 
    251800  0.2765948 *0.3111505  0.2480517  0.0699629  0.0105120  0.0145934  0.0194134  0.0264213  0.0148503  0.0084498 
      </s>  0.2772466 *0.3310634  0.2660694  0.0608707  0.0067973  0.0098554  0.0114890  0.0159207  0.0116988  0.0089887 

[2022-02-08 11:07:13,678 INFO]                   A39       E882     P87.03     P88.01     P88.38     P88.79     P89.52    D808.43    D853.06 
    140629  0.1376428 *0.1378700  0.1265921  0.1217348  0.1269760  0.1181258  0.1270210  0.0769515  0.0270860 
    856161 *0.1402388  0.1351751  0.1229065  0.1208468  0.1280346  0.1215072  0.1216573  0.0749557  0.0346780 
      </s> *0.1793492  0.1271114  0.1077800  0.1162829  0.1044589  0.1271354  0.1017400  0.1121030  0.0240391 

[2022-02-08 11:07:13,678 INFO]                   A54     E960.0        P-1     D802.6     D850.1    D873.49     D921.3 
    161000  0.3154157 *0.3324924  0.2539053  0.0736314  0.0074084  0.0055617  0.0115851 
    161003  0.2990108 *0.3305013  0.2559030  0.1000965  0.0047553  0.0033253  0.0064078 
    240499  0.2968785 *0.3525290  0.2658294  0.0749046  0.0034467  0.0024243  0.0039876 
    251221  0.2465025 *0.3125170  0.2602751  0.1666977  0.0048925  0.0036656  0.0054497 
      </s>  0.2988784 *0.3231447  0.2414351  0.0957431  0.0104179  0.0109299  0.0194510 

[2022-02-08 11:07:13,678 INFO]                   A87     E885.9     P88.77    D807.03     D922.1 
    410402  0.2731763 *0.2797293  0.2579453  0.1203936  0.0687555 
    450203 *0.2863154  0.2826472  0.2593469  0.1101492  0.0615413 
      </s> *0.2720147  0.2713577  0.2477559  0.1260471  0.0828246 

[2022-02-08 11:07:13,679 INFO]                   A81     E880.9        P-1     D850.9    D852.09       D920     D921.1 
    110402  0.3131141 *0.3162025  0.2595832  0.0561014  0.0339815  0.0127474  0.0082698 
    140693  0.2690717 *0.2835110  0.2475637  0.0885656  0.0540602  0.0316327  0.0255952 
    161000 *0.3195223  0.3127810  0.2305613  0.0601738  0.0385414  0.0210111  0.0174092 
    210402  0.2800636 *0.2954601  0.2416833  0.0821446  0.0553124  0.0255424  0.0197935 
      </s>  0.2622679 *0.2764156  0.2358772  0.0957125  0.0654522  0.0338500  0.0304245 

[2022-02-08 11:07:13,679 INFO]                   A40     E816.2     P33.24     P87.03     P87.41     P88.01     P88.38     P88.79     P89.52     D802.0     D802.8    D815.01    D852.26    D873.43    D873.60     D910.0     D914.0       D920    D924.11    D959.09 
    140650  0.1345673 *0.1641291  0.1126176  0.0896602  0.0930860  0.0938588  0.0891697  0.0847371  0.1046159  0.0164542  0.0103657  0.0036506  0.0013172  0.0006037  0.0003943  0.0001295  0.0002941  0.0000942  0.0001260  0.0001287 
    210202  0.1357702 *0.1665783  0.1079504  0.0850251  0.0888462  0.0917205  0.0895053  0.0848480  0.0952833  0.0239830  0.0198727  0.0070450  0.0015918  0.0006965  0.0003844  0.0001459  0.0003123  0.0001189  0.0001770  0.0001454 
    210402  0.1318786 *0.1573758  0.1043084  0.0842762  0.0909016  0.0944475  0.0909346  0.0866613  0.0953616  0.0266454  0.0224482  0.0098652  0.0021967  0.0009543  0.0005400  0.0002180  0.0004450  0.0001434  0.0002283  0.0001699 
    210600  0.1225735 *0.1636031  0.1084209  0.0862451  0.0908847  0.0934783  0.0941056  0.0868245  0.0979705  0.0266022  0.0195039  0.0066205  0.0012392  0.0006341  0.0002830  0.0001513  0.0003308  0.0001297  0.0002274  0.0001717 
    243099  0.1245782 *0.1493013  0.1074013  0.0829388  0.0875983  0.0900228  0.0881105  0.0797259  0.0908216  0.0389170  0.0389281  0.0160337  0.0021476  0.0011330  0.0005202  0.0002853  0.0005979  0.0002451  0.0004041  0.0002892 
    243099  0.1202649 *0.1327882  0.1014889  0.0792945  0.0833050  0.0854470  0.0841652  0.0746859  0.0838624  0.0549992  0.0639615  0.0273959  0.0029706  0.0016713  0.0007756  0.0004672  0.0009409  0.0004116  0.0006830  0.0004209 
    251000  0.1091386 *0.1122046  0.0921887  0.0750211  0.0779995  0.0799381  0.0792545  0.0695128  0.0758498  0.0723111  0.0916930  0.0467373  0.0055495  0.0035187  0.0018848  0.0012668  0.0021786  0.0010874  0.0016821  0.0009827 
    251231  0.1206319 *0.1374760  0.0994317  0.0832403  0.0848013  0.0875315  0.0875819  0.0782872  0.0839758  0.0515660  0.0566397  0.0174445  0.0034296  0.0019722  0.0011244  0.0007435  0.0013912  0.0007415  0.0011610  0.0008287 
    710202  0.1255037 *0.1664197  0.1091954  0.0868559  0.0874862  0.0905959  0.0889722  0.0787265  0.0868740  0.0312935  0.0332119  0.0092779  0.0018571  0.0009269  0.0005529  0.0002970  0.0006445  0.0003317  0.0005164  0.0004604 
    752511  0.0938255 *0.1528766  0.1080033  0.0974897  0.0929312  0.0920739  0.0998022  0.0898337  0.1040285  0.0360314  0.0225461  0.0031863  0.0021768  0.0011180  0.0006972  0.0003688  0.0008138  0.0005904  0.0007098  0.0008968 
    810402  0.0913635 *0.1283888  0.1068254  0.0994758  0.0960719  0.0939356  0.0929076  0.0851372  0.1066625  0.0387565  0.0223290  0.0094283  0.0080232  0.0040427  0.0035433  0.0020224  0.0035118  0.0025450  0.0028085  0.0022211 
      </s>  0.0996783 *0.1099961  0.0959069  0.0884989  0.0872868  0.0872659  0.0818947  0.0757697  0.0837825  0.0597842  0.0445991  0.0324889  0.0131080  0.0099238  0.0066000  0.0045674  0.0060978  0.0042546  0.0055320  0.0029642 

[2022-02-08 11:07:13,679 INFO]                   A27     E812.0     P34.04     P34.21     P86.59     P87.03     P88.01     P88.38    D807.01     D860.0     D873.0 
    110602  0.1196249 *0.1418278  0.1165436  0.1065870  0.1174500  0.1057808  0.1047858  0.1286883  0.0355825  0.0151332  0.0079960 
    442202  0.1072762  0.1251861  0.1065420  0.1121221  0.1163956  0.1105965  0.1094811 *0.1268318  0.0470392  0.0236098  0.0149196 
    450201  0.1230686 *0.1262966  0.0976106  0.1005869  0.1039322  0.1063250  0.1120823  0.1171177  0.0530028  0.0340788  0.0258985 
      </s>  0.1054372 *0.1109749  0.1061662  0.1077519  0.0993885  0.1040219  0.1048926  0.0989622  0.0720670  0.0484855  0.0418520 

[2022-02-08 11:07:13,679 INFO]                   A64     E823.0     P34.04     P79.36     P79.66     P87.03     P87.41     P88.01     P88.38     P88.72     P88.77     P96.72     P99.04     P99.04     P99.04    D805.02     D805.2     D824.1     D837.1    D900.89     D910.0     D912.0     D916.0     D922.1 
    210202  0.0895537 *0.0945356  0.0701218  0.0527869  0.0357291  0.0471214  0.0565284  0.0613725  0.0619832  0.0638944  0.0651205  0.0576895  0.0558720  0.0550629  0.0549559  0.0240916  0.0199853  0.0099251  0.0091969  0.0048874  0.0023828  0.0028083  0.0027728  0.0016218 
    321018 *0.0939926  0.0931914  0.0735260  0.0558188  0.0374694  0.0466104  0.0559036  0.0611883  0.0628666  0.0639763  0.0638402  0.0533917  0.0518370  0.0511256  0.0510112  0.0291686  0.0243965  0.0110033  0.0087833  0.0032308  0.0015847  0.0022092  0.0024253  0.0014491 
    410402 *0.1038234  0.1034833  0.0750450  0.0542559  0.0372490  0.0451136  0.0557345  0.0616612  0.0608642  0.0651612  0.0657825  0.0564562  0.0541626  0.0531709  0.0529825  0.0189549  0.0153370  0.0057078  0.0051089  0.0028302  0.0013834  0.0021681  0.0022050  0.0013588 
    650228  0.0918403 *0.0946452  0.0737953  0.0559801  0.0388623  0.0466129  0.0530619  0.0575805  0.0559418  0.0601780  0.0611240  0.0539333  0.0521330  0.0513730  0.0512261  0.0356851  0.0274515  0.0120131  0.0087172  0.0049377  0.0027446  0.0037857  0.0038862  0.0024912 
    650420  0.0987138 *0.1080551  0.0697861  0.0525654  0.0377552  0.0466292  0.0541247  0.0592933  0.0559768  0.0613982  0.0634270  0.0561632  0.0534309  0.0522710  0.0520334  0.0262782  0.0208582  0.0081106  0.0062791  0.0044475  0.0026450  0.0036287  0.0036517  0.0024779 
    710202  0.0850299 *0.1017483  0.0696137  0.0551310  0.0426824  0.0504636  0.0568024  0.0611235  0.0597309  0.0641898  0.0663136  0.0584818  0.0555702  0.0543526  0.0540796  0.0223183  0.0181937  0.0070510  0.0053800  0.0033299  0.0018965  0.0025201  0.0024915  0.0015058 
    810202  0.0752232 *0.0857190  0.0621230  0.0542758  0.0513630  0.0529884  0.0585106  0.0611852  0.0603299  0.0625961  0.0639417  0.0598253  0.0586503  0.0581894  0.0581697  0.0165651  0.0178981  0.0098561  0.0075631  0.0052639  0.0037923  0.0055505  0.0056792  0.0047408 
    854352  0.0648447 *0.0821328  0.0601102  0.0517959  0.0406849  0.0536568  0.0599890  0.0622716  0.0623051  0.0635732  0.0657675  0.0623425  0.0611115  0.0605941  0.0605410  0.0163177  0.0188043  0.0105701  0.0084843  0.0051355  0.0052657  0.0085289  0.0085723  0.0066003 
    877131  0.0748872 *0.0878121  0.0569857  0.0503891  0.0444776  0.0501473  0.0592486  0.0637256  0.0601506  0.0607678  0.0608716  0.0558944  0.0544195  0.0535869  0.0534336  0.0195839  0.0234204  0.0112714  0.0084752  0.0059870  0.0076377  0.0120968  0.0125558  0.0121741 
      </s> *0.0914698  0.0889467  0.0602167  0.0504199  0.0387596  0.0478216  0.0577926  0.0624461  0.0548367  0.0579852  0.0579249  0.0531602  0.0509731  0.0494779  0.0490234  0.0255923  0.0309775  0.0117164  0.0109486  0.0068900  0.0076688  0.0120177  0.0122858  0.0106485 

[2022-02-08 11:07:13,679 INFO]                   A50     E816.0        P-1     D850.1     D919.0 
    161000  0.3097156 *0.3721565  0.2840174  0.0139898  0.0201207 
    161003  0.3032513 *0.3849965  0.2889165  0.0099117  0.0129241 
    910200  0.2858468 *0.3602774  0.2875479  0.0321590  0.0341689 
      </s> *0.3531922  0.3245176  0.2528949  0.0296154  0.0397799 

[2022-02-08 11:07:13,680 INFO]                   A71     E881.1     P00.39     P79.35     P87.49    D820.21 
    853151  0.1775582 *0.2102331  0.1898660  0.1683835  0.1959600  0.0579991 
      </s> *0.2283848  0.2018324  0.1694143  0.1282434  0.1476533  0.1244718 

[2022-02-08 11:07:13,680 INFO]                   A42     E826.1     P86.59     D802.4     D802.8    D873.40     D919.0 
    210602  0.2467115 *0.2918872  0.2392719  0.1183840  0.0656889  0.0205564  0.0175001 
    250800  0.2281387 *0.2414736  0.2165424  0.1460626  0.1075642  0.0333376  0.0268809 
    251231  0.2439921 *0.2656132  0.2125212  0.1026432  0.1124013  0.0329254  0.0299035 
    910200  0.2655498 *0.3015257  0.2175970  0.0894346  0.0827667  0.0216007  0.0215254 
      </s> *0.2643731  0.2533021  0.2075178  0.1049541  0.0949380  0.0389638  0.0359511 

[2022-02-08 11:07:13,680 INFO]                   A64     E885.9     P79.32     P93.54    D813.42 
    752351  0.1973517  0.2343416  0.2245477 *0.2432404  0.1005186 
      </s> *0.2343813  0.2160828  0.1984427  0.1891969  0.1618962 

[2022-02-08 11:07:13,680 INFO]                   A58     E880.9     P89.52    D800.00    D801.00     D802.4     D802.8     D916.0     D919.8    D924.11 
    150400  0.1531862  0.1740707  0.1573867 *0.2907681  0.0973246  0.0430067  0.0287418  0.0196442  0.0182343  0.0176366 
    250800  0.2248343 *0.2388195  0.2050124  0.1381224  0.0573905  0.0365535  0.0350109  0.0247728  0.0202875  0.0191960 
    251200  0.2385961 *0.2506923  0.2065485  0.0888007  0.0541839  0.0344990  0.0452329  0.0324312  0.0249178  0.0240977 
    251800  0.2407763 *0.2708647  0.2178748  0.0648685  0.0468663  0.0341872  0.0436122  0.0325307  0.0244525  0.0239669 
    810202  0.2440637 *0.3298135  0.2693990  0.0442609  0.0281419  0.0189655  0.0244081  0.0170872  0.0117510  0.0121092 
    810402  0.2217732 *0.3584904  0.2931598  0.0349171  0.0247807  0.0174096  0.0199754  0.0114458  0.0089945  0.0090536 
    910000  0.1798113 *0.3871471  0.3297981  0.0448769  0.0180886  0.0103488  0.0128979  0.0064113  0.0053861  0.0052340 
      </s>  0.2237674 *0.2556975  0.2214264  0.0763222  0.0345625  0.0233119  0.0424106  0.0332496  0.0486943  0.0405576 

[2022-02-08 11:07:13,728 INFO]                   A35     E885.9        P-1    D805.07     D850.9    D852.09    D852.29    D873.40    D873.43       D920 
    140650  0.2720107 *0.3051047  0.2534072  0.0967033  0.0226400  0.0171868  0.0169354  0.0060166  0.0063242  0.0036711 
    140693  0.2993959 *0.3103216  0.2374605  0.0818399  0.0221809  0.0165729  0.0150306  0.0063147  0.0066432  0.0042399 
    161000  0.3115755 *0.3240072  0.2126436  0.1051740  0.0172164  0.0114154  0.0089492  0.0032452  0.0035524  0.0022211 
    210402  0.2769581 *0.3072117  0.2153389  0.1425749  0.0215666  0.0136973  0.0118750  0.0040639  0.0041895  0.0025242 
    210600  0.2619773 *0.3355231  0.2411969  0.1141902  0.0158181  0.0111292  0.0095993  0.0036552  0.0042002  0.0027106 
    650216  0.2502373 *0.2825531  0.2209533  0.1601034  0.0290741  0.0208967  0.0161648  0.0063605  0.0077807  0.0058761 
      </s>  0.2525779 *0.3422364  0.2562911  0.0923905  0.0171489  0.0141173  0.0112389  0.0043410  0.0056900  0.0039679 

[2022-02-08 11:07:13,728 INFO]                   A50     E826.1     P23.19     P27.51     P86.22     P87.03     P88.38     D802.4    D873.53    D873.63 
    210604  0.1383251 *0.1763621  0.1465819  0.1287780  0.1042591  0.1030217  0.1106230  0.0601637  0.0205923  0.0112931 
    250800  0.1315055 *0.1481664  0.1461959  0.1339497  0.1012941  0.1041237  0.1057448  0.0723304  0.0349221  0.0217675 
    251404  0.1436584 *0.1670953  0.1475803  0.1228670  0.1124595  0.1072271  0.1075835  0.0511253  0.0240610  0.0163425 
      </s>  0.1488904 *0.1666232  0.1443211  0.1219623  0.1056364  0.1049923  0.1067011  0.0578087  0.0242978  0.0187666 

[2022-02-08 11:07:13,728 INFO]                   A45     E816.0     P00.33     P00.39     P78.17     P78.67     P79.06     P79.36     P86.22     P86.22     P86.22     P86.59     P86.59     P88.38     P93.54     P93.56     P93.56     P93.56    D823.31     D837.1     D882.0     D891.0     D894.0    D924.10 
    710602  0.0641261 *0.0763225  0.0636899  0.0478093  0.0397657  0.0358995  0.0456733  0.0465496  0.0418031  0.0379916  0.0358280  0.0417466  0.0469389  0.0523488  0.0563076  0.0590927  0.0561210  0.0547242  0.0426822  0.0225170  0.0116570  0.0080444  0.0058842  0.0064767 
    810402  0.0537527 *0.0607681  0.0571620  0.0491696  0.0444241  0.0342685  0.0444097  0.0456063  0.0483304  0.0476564  0.0467546  0.0439902  0.0444564  0.0473181  0.0535717  0.0577586  0.0567469  0.0560528  0.0399352  0.0225321  0.0151867  0.0114283  0.0088546  0.0098661 
    810602  0.0642496 *0.0756788  0.0658428  0.0471712  0.0378323  0.0322024  0.0434799  0.0447059  0.0454298  0.0427021  0.0406511  0.0406399  0.0437962  0.0495516  0.0587942  0.0631796  0.0603915  0.0588944  0.0362530  0.0183371  0.0106886  0.0076288  0.0055292  0.0063698 
    854472  0.0653171 *0.0696830  0.0613909  0.0418303  0.0360823  0.0359755  0.0420549  0.0425237  0.0441091  0.0427140  0.0414772  0.0423298  0.0455001  0.0518146  0.0584948  0.0589637  0.0565842  0.0552843  0.0336791  0.0206959  0.0161566  0.0131446  0.0110437  0.0131505 
    877131  0.0727806 *0.0787740  0.0595351  0.0498433  0.0384611  0.0409721  0.0462761  0.0462886  0.0360726  0.0339726  0.0329058  0.0418381  0.0475354  0.0528792  0.0592449  0.0545341  0.0528303  0.0518054  0.0332721  0.0183275  0.0138941  0.0123568  0.0112382  0.0143618 
      </s>  0.0825053 *0.0857086  0.0610251  0.0466981  0.0377098  0.0379257  0.0458125  0.0449733  0.0362833  0.0332050  0.0317885  0.0405174  0.0467443  0.0490457  0.0575787  0.0551341  0.0529154  0.0516982  0.0323163  0.0193207  0.0149004  0.0117247  0.0103863  0.0140825 

[2022-02-08 11:07:13,728 INFO]                   A67     E885.9     P79.36     P88.77     P93.54    D823.20 
    854221  0.1914597  0.1954352  0.1750494  0.1854870 *0.2059239  0.0466448 
      </s> *0.2450658  0.2114979  0.1636051  0.1596720  0.1529301  0.0672291 

[2022-02-08 11:07:13,728 INFO]                   A42     E811.0        P-1     D847.9     D850.1     D919.0 
    161000  0.2973869 *0.3546590  0.2737136  0.0577396  0.0053185  0.0111825 
    161003  0.2779811 *0.3801566  0.2940727  0.0385895  0.0026961  0.0065039 
    640678  0.2511798 *0.3869684  0.3087439  0.0346303  0.0056246  0.0128529 
    910200  0.2832375 *0.3546977  0.2726072  0.0617444  0.0112527  0.0164605 
      </s> *0.3193460  0.2742051  0.2153370  0.0964955  0.0416273  0.0529891 

[2022-02-08 11:07:13,729 INFO]                   A54     E884.9     P87.03     P88.01     P88.38     P88.40     D805.6     D959.6 
    856100  0.1211089 *0.1576734  0.1435243  0.1380864  0.1412234  0.1394989  0.0864252  0.0724597 
    873099  0.1386812 *0.1547654  0.1249386  0.1220936  0.1132741  0.1286670  0.1042285  0.1133517 
      </s>  0.1425913  0.1315378  0.1134329  0.1151178  0.0974195  0.1167158  0.1261954 *0.1569895 

[2022-02-08 11:07:13,729 INFO]                   A83     E816.0     P89.52     P93.54    D813.43    D881.00     D884.1     D913.0     D918.9     D921.3 
    240499  0.2181485 *0.2873397  0.2186558  0.1958228  0.0456063  0.0169560  0.0066409  0.0050120  0.0030125  0.0028055 
    240499  0.2421338 *0.2982216  0.2014260  0.1683705  0.0536598  0.0201825  0.0065075  0.0043975  0.0024720  0.0026288 
    710202  0.2520126 *0.3033325  0.1963323  0.1614743  0.0533868  0.0177941  0.0065615  0.0040750  0.0020477  0.0029833 
    710602  0.2362828 *0.2799076  0.2019494  0.1789088  0.0554873  0.0223615  0.0088293  0.0068637  0.0037464  0.0056630 
    752353 *0.2628585  0.2425013  0.1921950  0.1720706  0.0444775  0.0325175  0.0133146  0.0122143  0.0114983  0.0163524 
      </s>  0.2201922 *0.2343739  0.1926645  0.1748079  0.0777229  0.0399379  0.0206759  0.0192857  0.0095931  0.0107459 

[2022-02-08 11:07:13,729 INFO]                   A26     E885.9        P-1     D850.1    D873.20     D919.0 
    161000  0.3235359 *0.3686746  0.2745193  0.0118945  0.0100792  0.0112964 
    161003  0.3181824 *0.3887148  0.2776952  0.0057561  0.0043602  0.0052913 
    210600  0.2921755 *0.3963123  0.2875809  0.0097524  0.0068005  0.0073785 
    910200  0.2872566 *0.3848638  0.2920295  0.0137998  0.0108723  0.0111780 
      </s> *0.3385102  0.3237078  0.2544746  0.0292125  0.0252280  0.0288669 

[2022-02-08 11:07:13,729 INFO]                   A53     E821.0     P34.04     P87.41     P88.01     P88.38     P88.77     P93.59     D807.4    D810.03     D860.0    D861.21    D900.81       D920 
    110402  0.1240057 *0.1308878  0.1064518  0.1012399  0.1033254  0.1057684  0.1107015  0.1085440  0.0408526  0.0282520  0.0167229  0.0123902  0.0061655  0.0046925 
    240602  0.1129903 *0.1217810  0.1001897  0.0964475  0.0979403  0.1042457  0.1035571  0.1011814  0.0506554  0.0427001  0.0282596  0.0221459  0.0084144  0.0094915 
    441402  0.1163997 *0.1232417  0.0990018  0.0966244  0.0982761  0.1064578  0.1057568  0.1049655  0.0383390  0.0358054  0.0265729  0.0206308  0.0146857  0.0132424 
    442202  0.1056016 *0.1325175  0.0988153  0.1035989  0.1059592  0.1226188  0.1231121  0.1252849  0.0317054  0.0183415  0.0113161  0.0083551  0.0065737  0.0061998 
    450213  0.1113475 *0.1378364  0.1019190  0.1062244  0.1084539  0.1096603  0.1139273  0.1181980  0.0315403  0.0198177  0.0131572  0.0114910  0.0085844  0.0078425 
    750731  0.0964198 *0.1363230  0.1079201  0.1077203  0.1073714  0.1117212  0.1207462  0.1306341  0.0321764  0.0135980  0.0090206  0.0089631  0.0093476  0.0080382 
      </s>  0.1035542 *0.1105037  0.1001259  0.1010117  0.1025765  0.0958995  0.0999509  0.0991471  0.0531859  0.0398752  0.0339821  0.0304970  0.0160347  0.0136556 

[2022-02-08 11:07:13,729 INFO]                   A25     E960.0        P-1     D802.0    D802.20     D802.4     D802.6     D802.8     D850.1     D921.3 
    161000  0.2944105 *0.3182203  0.2357371  0.0526744  0.0272693  0.0259471  0.0184484  0.0204612  0.0018556  0.0049763 
    240499  0.3015924 *0.3263921  0.2409909  0.0609535  0.0182269  0.0161938  0.0149520  0.0163059  0.0014693  0.0029232 
    250400  0.2394912 *0.2708979  0.2046469  0.1175194  0.0399466  0.0436862  0.0389128  0.0362532  0.0024239  0.0062218 
    250608  0.2575281 *0.2865306  0.2211121  0.1069296  0.0286420  0.0329527  0.0300445  0.0309057  0.0014120  0.0039428 
    250800 *0.2928500  0.2921186  0.2352702  0.0691634  0.0199618  0.0255086  0.0256649  0.0336154  0.0015560  0.0042912 
    251000  0.2865252 *0.3207579  0.2480781  0.0540551  0.0152739  0.0194225  0.0188659  0.0309210  0.0015915  0.0045089 
    251221  0.2764792 *0.3462318  0.2743175  0.0511782  0.0103863  0.0115469  0.0099121  0.0166974  0.0008834  0.0023673 
      </s>  0.2834427 *0.3129283  0.2175268  0.0488652  0.0236672  0.0312721  0.0296668  0.0391874  0.0041250  0.0093184 

[2022-02-08 11:07:13,729 INFO]                   A55     E814.7     P86.59     D894.0    D923.03    D924.10 
    710402  0.2284604 *0.3011841  0.2589262  0.0964822  0.0577050  0.0572421 
    810402  0.2341049 *0.3218935  0.2857871  0.0764635  0.0393523  0.0423986 
    810602  0.2364769 *0.3497467  0.2773725  0.0674819  0.0327753  0.0361467 
      </s>  0.2343088 *0.2781171  0.2228587  0.1044115  0.0758432  0.0844606 

[2022-02-08 11:07:13,730 INFO]                   A32       E916     P86.59     P87.03     P88.38     P88.77    D800.00    D801.00     D802.4     D802.8    D852.00    D853.00    D854.01     D873.0     D951.1 
    110602  0.1533495 *0.1940922  0.1476982  0.1255025  0.1378160  0.1502578  0.0342931  0.0182794  0.0145603  0.0106834  0.0059143  0.0046203  0.0019643  0.0005055  0.0004632 
    140629  0.1601044 *0.1638968  0.1291520  0.1210949  0.1203381  0.1253724  0.0687793  0.0314013  0.0232453  0.0242060  0.0156060  0.0080342  0.0044285  0.0023557  0.0019852 
    140682 *0.1666528  0.1580589  0.1235664  0.1141884  0.1100262  0.1140930  0.0697825  0.0396756  0.0297212  0.0329341  0.0197802  0.0100221  0.0051996  0.0031708  0.0031281 
    140693 *0.1676401  0.1482273  0.1131240  0.1007461  0.0986956  0.1049079  0.0730714  0.0472732  0.0362554  0.0385955  0.0317279  0.0168371  0.0105218  0.0063269  0.0060497 
    150200 *0.1943827  0.1736262  0.1198153  0.1065924  0.0977434  0.1060942  0.0833764  0.0402134  0.0226671  0.0314203  0.0154966  0.0055140  0.0019392  0.0006423  0.0004764 
    150400  0.1428468  0.1303061  0.1063487  0.0971329  0.0938646  0.0948782 *0.1457008  0.0694373  0.0425855  0.0418849  0.0208649  0.0082156  0.0035614  0.0013891  0.0009831 
    250800  0.1719585 *0.1741868  0.1379444  0.1202822  0.1177875  0.1220742  0.0571113  0.0274888  0.0229753  0.0276304  0.0118482  0.0062362  0.0016974  0.0004303  0.0003486 
    251235  0.1823088 *0.1847842  0.1413564  0.1245280  0.1201735  0.1275417  0.0419840  0.0229108  0.0157289  0.0237060  0.0088393  0.0047071  0.0010256  0.0002213  0.0001845 
    251800  0.1787329 *0.1851481  0.1381451  0.1221837  0.1179525  0.1255762  0.0351990  0.0212583  0.0218434  0.0302776  0.0134754  0.0072468  0.0018981  0.0005535  0.0005096 
      </s>  0.1739971 *0.2024338  0.1437254  0.1300766  0.1253549  0.1380786  0.0283308  0.0136266  0.0126928  0.0177697  0.0084548  0.0038815  0.0010142  0.0002921  0.0002710 

[2022-02-08 11:07:13,730 INFO]                   A33     E960.0        P-1     D850.1       D920 
    161000  0.3361641 *0.3578671  0.2797544  0.0162478  0.0099665 
    161003  0.3406857 *0.3759086  0.2759251  0.0049292  0.0025514 
    210402  0.3390105 *0.3676159  0.2779536  0.0106015  0.0048184 
      </s>  0.3167742 *0.3498303  0.2848860  0.0282772  0.0202323 

[2022-02-08 11:07:13,730 INFO]                   A22     E821.0     P00.33     P79.15    D821.01     D911.0     D916.0 
    510202  0.2406833 *0.2741576  0.2315256  0.1366457  0.0475744  0.0351086  0.0343049 
    810202  0.1977001 *0.2582868  0.2386179  0.1613264  0.0766677  0.0353239  0.0320772 
    853271  0.1899075 *0.2565869  0.2267336  0.1921938  0.0644830  0.0365208  0.0335744 
      </s> *0.2369243  0.2202224  0.1810217  0.1355100  0.1008586  0.0607244  0.0647385 

[2022-02-08 11:07:13,730 INFO]                   A86     E885.9     P79.35     P87.03     P88.38     P88.72     P93.46    D820.21 
    853151  0.1290252  0.1458933  0.1308541  0.1286020  0.1319204  0.1348542 *0.1540969  0.0447540 
      </s> *0.1528820  0.1411565  0.1082348  0.1266753  0.1232147  0.1288003  0.1127604  0.1062761 

[2022-02-08 11:07:13,730 INFO]                   A48     E881.0     P00.33     P79.00     P79.15     P87.03     P87.41     P88.01     P88.38     P88.40     D805.4     D805.6     D808.2    D820.09     D824.4    D825.21    D825.22    D825.23    D825.25     D837.0    D838.09     D916.0     D919.0    D924.21 
    650620  0.1025808 *0.1217997  0.0908182  0.0849146  0.0496973  0.0657624  0.0731343  0.0793554  0.0834657  0.0902054  0.0389888  0.0287173  0.0218418  0.0086077  0.0050251  0.0042188  0.0058924  0.0057545  0.0062315  0.0056574  0.0073942  0.0068866  0.0068427  0.0062074 
    710202  0.0959608 *0.1089840  0.0831331  0.0804275  0.0601660  0.0691690  0.0738975  0.0773868  0.0789707  0.0846763  0.0388250  0.0305749  0.0248776  0.0129464  0.0078579  0.0053353  0.0068683  0.0073140  0.0079914  0.0077282  0.0100568  0.0093367  0.0091455  0.0083704 
    810202  0.0776137 *0.0806023  0.0651349  0.0780209  0.0540751  0.0627435  0.0650795  0.0666761  0.0648180  0.0684142  0.0515476  0.0420968  0.0362811  0.0229760  0.0185252  0.0108368  0.0134785  0.0154066  0.0160144  0.0165025  0.0205022  0.0183710  0.0175165  0.0167664 
    810402  0.0798434 *0.0931502  0.0787545  0.0687057  0.0645211  0.0704207  0.0723093  0.0741492  0.0750464  0.0769585  0.0452211  0.0351573  0.0299057  0.0170922  0.0120949  0.0088367  0.0103447  0.0107299  0.0118687  0.0120347  0.0145248  0.0136253  0.0129999  0.0117048 
    853171  0.0687863 *0.0863039  0.0751082  0.0620669  0.0744801  0.0740347  0.0716182  0.0708907  0.0736477  0.0734682  0.0469886  0.0359880  0.0305567  0.0185279  0.0124061  0.0103731  0.0113457  0.0120013  0.0139449  0.0135364  0.0158449  0.0158874  0.0169623  0.0152321 
    854441  0.0917610 *0.0958524  0.0771867  0.0572871  0.0698028  0.0719472  0.0782140  0.0804813  0.0806849  0.0859050  0.0332301  0.0303498  0.0260550  0.0147238  0.0073277  0.0074016  0.0089461  0.0086393  0.0098923  0.0105173  0.0124019  0.0130572  0.0146659  0.0136692 
    856100  0.1085586 *0.1133074  0.0811504  0.0606690  0.0584499  0.0697240  0.0801690  0.0850126  0.0871367  0.0918470  0.0322926  0.0290357  0.0246499  0.0097184  0.0049811  0.0054825  0.0063869  0.0055799  0.0062764  0.0061876  0.0075329  0.0080238  0.0091855  0.0086421 
    856151 *0.1289750  0.1162986  0.0779070  0.0554513  0.0449127  0.0620716  0.0773789  0.0851663  0.0879124  0.0933978  0.0303608  0.0302140  0.0262752  0.0066205  0.0040042  0.0073503  0.0088184  0.0065669  0.0071603  0.0064999  0.0075337  0.0089493  0.0101930  0.0099822 
    857200 *0.1301149  0.0994489  0.0630327  0.0460838  0.0421396  0.0526592  0.0697808  0.0782271  0.0742336  0.0855278  0.0279203  0.0399431  0.0385040  0.0075408  0.0041631  0.0182529  0.0225800  0.0148808  0.0148772  0.0123749  0.0111627  0.0139891  0.0163745  0.0161881 
    857400 *0.1174674  0.1021045  0.0673928  0.0524586  0.0467988  0.0568667  0.0727468  0.0799958  0.0757692  0.0861659  0.0321964  0.0443423  0.0421688  0.0093162  0.0049752  0.0143845  0.0161437  0.0111310  0.0111662  0.0098074  0.0094299  0.0113188  0.0127224  0.0131309 
    857400 *0.1246955  0.1218456  0.0726412  0.0571325  0.0549344  0.0615922  0.0764327  0.0834275  0.0780488  0.0919206  0.0259712  0.0346935  0.0330379  0.0092879  0.0035939  0.0068932  0.0080674  0.0062361  0.0069294  0.0063194  0.0071540  0.0089219  0.0098599  0.0103634 
    877120  0.1355214 *0.1397971  0.0731182  0.0554570  0.0525512  0.0598480  0.0756989  0.0836905  0.0765523  0.0962939  0.0201792  0.0306363  0.0310838  0.0078005  0.0026099  0.0048910  0.0060725  0.0050219  0.0058849  0.0052390  0.0062425  0.0081770  0.0085176  0.0091153 
    878030  0.1041808 *0.1043273  0.0662052  0.0562802  0.0595326  0.0583822  0.0673111  0.0716240  0.0666181  0.0798793  0.0265213  0.0350337  0.0357160  0.0152821  0.0073217  0.0111762  0.0139522  0.0143789  0.0156769  0.0151149  0.0168807  0.0192894  0.0197079  0.0196075 
      </s> *0.1060587  0.0983759  0.0633362  0.0514875  0.0567794  0.0556365  0.0656115  0.0701761  0.0634584  0.0771636  0.0247943  0.0352294  0.0374690  0.0173248  0.0082089  0.0126559  0.0158561  0.0168796  0.0181368  0.0180299  0.0194573  0.0225671  0.0227533  0.0225538 

[2022-02-08 11:07:13,731 INFO]                   A30     E965.0     P38.91    D800.20    D800.60    D801.50     D802.9     D808.0     D808.1    D808.49     D808.9     D867.7    D873.42     D910.0     D911.0       D920     D921.3 
    100099 *0.2723903  0.1836169  0.1645063  0.0596004  0.0464036  0.0597416  0.0508145  0.0260798  0.0272420  0.0333302  0.0307050  0.0270782  0.0081396  0.0033758  0.0033702  0.0015725  0.0020331 
    140629 *0.3153023  0.1970850  0.1743660  0.0631764  0.0359218  0.0448564  0.0378511  0.0184973  0.0204095  0.0282965  0.0270233  0.0222699  0.0063860  0.0027281  0.0030460  0.0013064  0.0014780 
    140693 *0.3421227  0.2001300  0.1592628  0.0713914  0.0384106  0.0461560  0.0319227  0.0149957  0.0163332  0.0226956  0.0223711  0.0192617  0.0057794  0.0026494  0.0033040  0.0014849  0.0017287 
    150200 *0.4052249  0.2498479  0.1216389  0.0541233  0.0263185  0.0408562  0.0299021  0.0119375  0.0119348  0.0177655  0.0161916  0.0108724  0.0017065  0.0005471  0.0006809  0.0002131  0.0002389 
    150404 *0.3691031  0.2247689  0.1318958  0.0675081  0.0330082  0.0540124  0.0339140  0.0167709  0.0154831  0.0201763  0.0175689  0.0113222  0.0023742  0.0007754  0.0007699  0.0002543  0.0002941 
    210202 *0.4600939  0.2037826  0.1421227  0.0429535  0.0243113  0.0258704  0.0251017  0.0170449  0.0137753  0.0195911  0.0145228  0.0085735  0.0012464  0.0003425  0.0003755  0.0001252  0.0001665 
    210402 *0.4901610  0.2165322  0.1533063  0.0391769  0.0175532  0.0182302  0.0177968  0.0099504  0.0080120  0.0128226  0.0098893  0.0054323  0.0006949  0.0001611  0.0001735  0.0000459  0.0000612 
    210600 *0.4479213  0.2287913  0.1569135  0.0551924  0.0274095  0.0212960  0.0174476  0.0104408  0.0077608  0.0110970  0.0084043  0.0054430  0.0009853  0.0002962  0.0003299  0.0001146  0.0001564 
    240499 *0.4207603  0.1971974  0.1396650  0.0630579  0.0317983  0.0282313  0.0301771  0.0220934  0.0162334  0.0213043  0.0160626  0.0093556  0.0020006  0.0007025  0.0007363  0.0002934  0.0003304 
    251200 *0.4568095  0.2043531  0.1134050  0.0475363  0.0275328  0.0246504  0.0365648  0.0268432  0.0154388  0.0214686  0.0149472  0.0081229  0.0012753  0.0003798  0.0003925  0.0001245  0.0001551 
    410202 *0.4691467  0.2379666  0.1174898  0.0343663  0.0236904  0.0258802  0.0312776  0.0145156  0.0098224  0.0153114  0.0112140  0.0071868  0.0011866  0.0003473  0.0003468  0.0001122  0.0001393 
    544020 *0.4193689  0.2437768  0.1650101  0.0346294  0.0221942  0.0258811  0.0282168  0.0129106  0.0090398  0.0147660  0.0112171  0.0084763  0.0021660  0.0008166  0.0007982  0.0003543  0.0003778 
    856100 *0.3948860  0.2452703  0.2112069  0.0345697  0.0215088  0.0239334  0.0214170  0.0096482  0.0063117  0.0105828  0.0083227  0.0072213  0.0022002  0.0008978  0.0009204  0.0005108  0.0005920 
    856101 *0.3097934  0.1849866  0.1204619  0.0457844  0.0468753  0.0539271  0.0461450  0.0670852  0.0344550  0.0364803  0.0235331  0.0170957  0.0047940  0.0023225  0.0027112  0.0015421  0.0020073 
    856101 *0.3802633  0.1942752  0.1379869  0.0443160  0.0332264  0.0394265  0.0318567  0.0441124  0.0253302  0.0304313  0.0202644  0.0123346  0.0026548  0.0010165  0.0011824  0.0005771  0.0007453 
      </s> *0.4296975  0.1884706  0.1443667  0.0438935  0.0264010  0.0306801  0.0237281  0.0299955  0.0206536  0.0277895  0.0197291  0.0104627  0.0019732  0.0006725  0.0007677  0.0003182  0.0004006 

[2022-02-08 11:07:13,731 INFO]                   A49     E968.2     P87.03     P88.38     P88.93    D805.05    D806.09     D847.0 
    640204  0.1146056  0.1626441  0.1540635  0.1559509 *0.2161421  0.1227515  0.0526081  0.0212341 
    640284  0.1126648  0.1636619  0.1464459  0.1377534 *0.2241283  0.1355404  0.0584661  0.0213394 
    650220  0.1311237  0.1636464  0.1524189  0.1443323 *0.1781788  0.1194536  0.0725879  0.0382584 
      </s>  0.1793767 *0.2052969  0.1753518  0.1516184  0.1523780  0.0710578  0.0387108  0.0262096 

[2022-02-08 11:07:13,731 INFO]                   A23     E885.9     P79.39    D802.29     D850.0 
    161001  0.2763741 *0.3322213  0.2927573  0.0794857  0.0191616 
    250607  0.2802118 *0.2965306  0.2618865  0.1355859  0.0257853 
      </s> *0.3025604  0.2818213  0.2431672  0.1189542  0.0534969 

[2022-02-08 11:07:13,731 INFO]                   A50     E813.0     P87.03     P87.41     P88.01     P88.38     P88.40     P89.52     D850.5     D922.1 
    161002  0.0972977 *0.1281800  0.1135211  0.1071255  0.1067014  0.1195826  0.1234047  0.1193825  0.0574309  0.0273737 
    410402  0.1176775 *0.1293991  0.1159547  0.1119388  0.1117634  0.1104134  0.1177238  0.1113910  0.0472728  0.0264655 
      </s> *0.1175613  0.1171758  0.1098570  0.1103562  0.1117720  0.1026527  0.1112477  0.1028019  0.0674491  0.0491264 

[2022-02-08 11:07:13,731 INFO]                   A71     E819.7     P79.35     P86.22     P86.59     P87.03     P87.41     P88.01     P88.38     P88.77     P93.46     P93.54     P93.57    D805.06    D805.07    D820.21    D821.01    D873.40    D873.63     D894.0     D919.0 
    210600  0.0767962 *0.0987436  0.0676618  0.0490262  0.0539787  0.0553437  0.0615852  0.0645739  0.0670050  0.0710821  0.0812945  0.0740563  0.0784483  0.0387040  0.0325244  0.0106313  0.0061396  0.0035200  0.0029296  0.0025911  0.0033645 
    251404  0.0867609 *0.0957377  0.0597163  0.0442455  0.0521613  0.0548394  0.0611213  0.0642120  0.0657697  0.0690790  0.0742506  0.0689379  0.0706962  0.0496361  0.0460680  0.0139588  0.0068129  0.0039626  0.0039126  0.0035845  0.0045367 
    650220  0.0914635 *0.1051416  0.0542093  0.0476389  0.0554507  0.0560588  0.0613522  0.0646195  0.0652343  0.0715574  0.0750324  0.0700391  0.0684364  0.0470606  0.0411778  0.0091800  0.0049341  0.0025432  0.0029533  0.0026081  0.0033089 
    650222  0.0940151 *0.1224225  0.0642774  0.0513937  0.0506859  0.0561220  0.0653409  0.0699712  0.0682675  0.0784131  0.0849207  0.0758656  0.0748342  0.0174736  0.0149050  0.0037885  0.0024990  0.0011602  0.0010537  0.0010413  0.0015490 
    810600  0.0948064 *0.1281235  0.0627457  0.0513917  0.0501782  0.0553733  0.0650770  0.0704508  0.0680286  0.0780037  0.0831696  0.0752151  0.0743375  0.0185236  0.0154646  0.0031858  0.0019498  0.0009132  0.0008970  0.0008526  0.0013125 
    853151  0.0754711 *0.0991084  0.0789274  0.0642566  0.0541363  0.0563769  0.0622836  0.0645915  0.0647064  0.0732312  0.0865174  0.0775092  0.0859580  0.0205907  0.0172155  0.0058985  0.0042952  0.0024677  0.0020394  0.0018545  0.0025645 
    853221  0.0736583 *0.0909186  0.0788734  0.0648277  0.0559697  0.0576633  0.0622078  0.0639422  0.0634629  0.0699442  0.0798760  0.0739308  0.0771491  0.0232186  0.0201938  0.0125673  0.0109415  0.0060353  0.0045313  0.0045235  0.0055647 
    910200 *0.0948091  0.0933547  0.0824448  0.0500269  0.0538200  0.0568361  0.0676888  0.0723547  0.0645895  0.0682063  0.0688948  0.0647379  0.0590698  0.0258355  0.0232192  0.0187182  0.0147023  0.0065931  0.0044427  0.0044670  0.0051888 
      </s>  0.0880855 *0.0903102  0.0694599  0.0491763  0.0560254  0.0589465  0.0651924  0.0678426  0.0649708  0.0682000  0.0703090  0.0667010  0.0625456  0.0321698  0.0295420  0.0168112  0.0133687  0.0088962  0.0066135  0.0063876  0.0084457 

[2022-02-08 11:07:13,732 INFO]                   A60     E826.1     P79.32    D813.21    D813.44 
    752251  0.2778854 *0.2896768  0.2510597  0.1192019  0.0621763 
    752311 *0.3282056  0.2981406  0.2394198  0.0883809  0.0458530 
    752353 *0.3669658  0.3072510  0.2240763  0.0599703  0.0417365 
      </s> *0.2833292  0.2657873  0.2314039  0.1095875  0.1098922 

[2022-02-08 11:07:13,732 INFO]                   A21     E985.1     P38.93     P87.41     P88.01     P88.40     P93.08     D860.4    D861.21    D861.22     D873.0     D874.8     D875.0     D877.0     D955.2 
    110600 *0.1633362  0.1543198  0.1355481  0.1229742  0.1226434  0.1368015  0.1283583  0.0174935  0.0098352  0.0055056  0.0016753  0.0003977  0.0002493  0.0003852  0.0004767 
    310600 *0.2078037  0.1418612  0.1265669  0.1205362  0.1243926  0.1323270  0.1136830  0.0151942  0.0096231  0.0052128  0.0016912  0.0002501  0.0001702  0.0003243  0.0003635 
    416000 *0.2341787  0.1285668  0.1252457  0.1191769  0.1225169  0.1312755  0.1142809  0.0110599  0.0069472  0.0039213  0.0016085  0.0002632  0.0001887  0.0003835  0.0003861 
    441402 *0.2734024  0.1148936  0.1144889  0.1162657  0.1224353  0.1300725  0.1077724  0.0096864  0.0060044  0.0029850  0.0011836  0.0001694  0.0001217  0.0002600  0.0002585 
    441430 *0.2826645  0.0949683  0.1121227  0.1220300  0.1297366  0.1380301  0.1056317  0.0061280  0.0041353  0.0021647  0.0013996  0.0002314  0.0001557  0.0003166  0.0002849 
    442205 *0.2332873  0.0952919  0.1163349  0.1282715  0.1349859  0.1468188  0.1248313  0.0079360  0.0048396  0.0033351  0.0021366  0.0004883  0.0003502  0.0005491  0.0005436 
    810600 *0.1754208  0.1393764  0.1395648  0.1274646  0.1255973  0.1313490  0.1212687  0.0126547  0.0092626  0.0074959  0.0039726  0.0015699  0.0012705  0.0018885  0.0018436 
      </s> *0.2075284  0.1205585  0.1283955  0.1303610  0.1326901  0.1347087  0.1024617  0.0119405  0.0086565  0.0055634  0.0058690  0.0022843  0.0022938  0.0038316  0.0028568 

[2022-02-08 11:07:13,732 INFO]                   A22     E922.0        P-1    D815.13     D882.2 
    740210 *0.3256858  0.2454363  0.2760230  0.1184859  0.0343691 
    752554  0.3080754  0.1889760 *0.3158185  0.1171298  0.0700003 
      </s> *0.3907809  0.1928184  0.2483065  0.0976640  0.0704302 

[2022-02-08 11:07:13,732 INFO]                   A23     E884.9     P79.36     P79.36     D805.4    D823.01    D823.20 
    650620  0.2072529 *0.2358714  0.1979352  0.1813750  0.1004591  0.0534088  0.0236975 
    854271  0.2215402 *0.2528384  0.2024700  0.1858082  0.0749369  0.0455258  0.0168806 
    854471  0.2736090 *0.2764744  0.1901630  0.1633857  0.0574392  0.0279161  0.0110127 
      </s> *0.1917763  0.1796895  0.1599902  0.1534263  0.1062197  0.1018890  0.1070090 

[2022-02-08 11:07:13,732 INFO]                   A68     E884.3     P38.93     P57.94     P87.03     P88.38     P89.52    D801.23    D805.01     D847.0    D852.03    D852.23    D853.03 
    140629  0.1366533 *0.1466627  0.1332984  0.1317172  0.1153111  0.1132174  0.1235003  0.0404800  0.0216867  0.0158745  0.0072985  0.0088462  0.0054536 
    140650 *0.1490715  0.1449559  0.1385293  0.1359563  0.1159106  0.1086183  0.1196366  0.0286674  0.0197077  0.0171599  0.0077544  0.0088727  0.0051592 
    140695 *0.1803659  0.1587826  0.1279820  0.1213082  0.1095322  0.1046405  0.1163416  0.0290609  0.0183613  0.0172811  0.0062639  0.0064189  0.0036609 
    150200 *0.2193691  0.1880589  0.1277713  0.1099764  0.0992170  0.0922490  0.0998958  0.0255086  0.0174909  0.0124000  0.0038082  0.0031258  0.0011290 
    640284  0.1845908 *0.1914693  0.1338629  0.1196376  0.1040889  0.1009607  0.1082577  0.0279030  0.0127246  0.0084125  0.0031860  0.0031674  0.0017386 
    650230  0.1746001 *0.1811453  0.1277344  0.1175546  0.1083301  0.1098459  0.1156343  0.0337139  0.0122161  0.0096815  0.0037883  0.0038936  0.0018618 
      </s>  0.1506610 *0.1677844  0.1202225  0.1125523  0.1102916  0.1088123  0.1146605  0.0425748  0.0252820  0.0171727  0.0118685  0.0107799  0.0073375 

[2022-02-08 11:07:13,732 INFO]                   A51     E812.3     P87.03     P87.41     P88.01     P88.38     P93.54     D805.2    D823.21     D824.3     D919.0       D920 
    110402  0.1337563 *0.1561186  0.1267738  0.1207727  0.1186744  0.1147491  0.1190558  0.0475230  0.0231202  0.0127016  0.0194101  0.0073445 
    650432  0.1292691 *0.1496119  0.1224757  0.1155912  0.1132640  0.1107798  0.1192332  0.0553749  0.0284838  0.0169935  0.0248723  0.0140504 
    854454  0.1183831 *0.1481032  0.1270447  0.1241621  0.1198344  0.1181570  0.1337438  0.0514247  0.0217605  0.0108630  0.0177210  0.0088026 
    854472 *0.1373432  0.1316021  0.1150076  0.1194349  0.1191801  0.1099468  0.1101930  0.0645575  0.0345085  0.0187916  0.0253214  0.0141135 
    910200 *0.1242863  0.1162487  0.1024577  0.1059121  0.1068932  0.0910992  0.0913332  0.0777718  0.0571643  0.0440166  0.0526728  0.0301442 
      </s> *0.1467239  0.1355059  0.1109800  0.1105124  0.1110006  0.0974198  0.0926584  0.0618662  0.0460609  0.0274808  0.0375836  0.0222076 

[2022-02-08 11:07:13,733 INFO]                   A24     E816.3     P00.33     P08.70     P38.93     P57.94     P79.05     P79.39     P87.03     P87.41     P88.01     P88.38     P93.44     P93.44     P99.04     D808.0    D835.00     D843.8     D850.5    D873.42     D911.0     D916.0     D919.0       D920     D922.2    D923.21     D959.6 
    161002  0.0754053 *0.0879058  0.0699199  0.0439825  0.0434645  0.0470331  0.0471739  0.0545112  0.0521792  0.0563311  0.0597407  0.0644417  0.0793656  0.0801705  0.0646438  0.0232098  0.0174925  0.0136293  0.0060489  0.0027992  0.0019838  0.0019931  0.0020234  0.0009282  0.0007863  0.0010145  0.0018222 
    210402  0.0849377 *0.0975845  0.0737775  0.0467830  0.0445799  0.0480243  0.0430196  0.0494298  0.0507967  0.0590520  0.0637145  0.0639308  0.0637452  0.0592071  0.0570293  0.0301953  0.0264724  0.0181385  0.0066405  0.0026460  0.0018841  0.0019869  0.0020965  0.0009009  0.0007471  0.0009094  0.0017705 
    210602  0.0854873 *0.1065304  0.0755070  0.0509854  0.0459700  0.0498660  0.0441255  0.0485364  0.0498125  0.0578659  0.0626859  0.0641486  0.0661718  0.0621811  0.0576940  0.0258344  0.0212317  0.0135280  0.0038884  0.0014829  0.0011263  0.0011079  0.0012775  0.0005609  0.0004968  0.0006258  0.0012715 
    510202  0.1037524 *0.1222461  0.0741252  0.0628113  0.0498298  0.0505441  0.0419939  0.0471769  0.0473315  0.0575339  0.0637373  0.0617304  0.0554649  0.0496556  0.0517788  0.0211758  0.0176326  0.0122060  0.0036276  0.0011846  0.0007980  0.0007707  0.0008968  0.0003832  0.0003243  0.0004105  0.0008778 
    510402  0.0887370 *0.1164641  0.0721695  0.0695487  0.0538483  0.0549431  0.0451273  0.0497060  0.0493140  0.0565378  0.0612371  0.0598512  0.0629610  0.0568169  0.0560784  0.0158307  0.0127132  0.0095578  0.0031536  0.0011117  0.0007625  0.0007142  0.0008290  0.0004113  0.0003272  0.0004031  0.0008453 
    710202  0.0738562 *0.1039484  0.0712496  0.0707203  0.0577698  0.0594851  0.0507675  0.0496113  0.0504747  0.0556462  0.0588355  0.0581616  0.0641179  0.0605153  0.0586931  0.0178851  0.0139840  0.0094564  0.0035888  0.0018131  0.0014842  0.0014218  0.0017260  0.0009349  0.0008407  0.0010757  0.0019368 
    710402  0.0779987 *0.1076011  0.0725751  0.0580629  0.0527384  0.0582675  0.0528957  0.0489731  0.0503517  0.0573635  0.0607639  0.0595444  0.0694262  0.0663188  0.0617132  0.0146466  0.0120631  0.0079725  0.0026958  0.0012794  0.0009594  0.0009894  0.0011738  0.0006132  0.0006733  0.0008062  0.0015330 
    810202  0.0626423 *0.0850469  0.0659734  0.0686592  0.0624570  0.0693475  0.0603721  0.0483868  0.0526138  0.0561876  0.0569367  0.0573257  0.0709245  0.0705615  0.0672896  0.0109483  0.0081156  0.0065197  0.0027185  0.0018704  0.0015069  0.0016326  0.0020158  0.0016315  0.0022353  0.0024024  0.0036786 
    840602  0.0575477 *0.0810679  0.0693417  0.0541014  0.0561271  0.0651045  0.0615256  0.0476514  0.0544335  0.0571044  0.0574636  0.0623341  0.0780807  0.0791698  0.0715606  0.0138195  0.0093793  0.0060581  0.0031178  0.0021185  0.0017020  0.0017267  0.0020245  0.0014873  0.0015213  0.0017185  0.0027125 
    856200  0.0579168  0.0703780  0.0633497  0.0505357  0.0549999  0.0605838  0.0599984  0.0495127  0.0573695  0.0581666  0.0574800  0.0641776  0.0747359 *0.0764129  0.0692031  0.0135397  0.0095134  0.0074731  0.0053466  0.0049984  0.0042362  0.0041382  0.0049158  0.0049145  0.0047337  0.0050516  0.0063181 
    873030  0.0713097 *0.1045657  0.0681202  0.0528746  0.0520713  0.0596072  0.0579272  0.0474008  0.0522857  0.0589461  0.0610579  0.0606190  0.0688289  0.0711726  0.0648124  0.0187097  0.0119777  0.0064881  0.0022950  0.0012125  0.0010685  0.0012622  0.0014665  0.0006366  0.0006242  0.0008367  0.0018231 
    877199  0.0688125 *0.0965817  0.0640331  0.0592198  0.0550852  0.0614187  0.0633898  0.0487567  0.0486709  0.0559307  0.0579627  0.0544098  0.0651428  0.0678266  0.0615341  0.0262797  0.0205366  0.0108282  0.0035742  0.0015738  0.0012955  0.0014155  0.0017302  0.0006716  0.0006670  0.0007781  0.0018743 
      </s>  0.0808657 *0.0921331  0.0602247  0.0534618  0.0502804  0.0531173  0.0535647  0.0489590  0.0475997  0.0564133  0.0596581  0.0536005  0.0524484  0.0508680  0.0511380  0.0359914  0.0355173  0.0221677  0.0097166  0.0051787  0.0042274  0.0045955  0.0053430  0.0025240  0.0024544  0.0027150  0.0052362 

[2022-02-08 11:07:13,733 INFO]                   A26     E826.1        P-1     D850.1     D919.0 
    161000  0.3150096 *0.3730897  0.2786427  0.0136758  0.0195822 
    161003  0.3029113 *0.3878074  0.2871591  0.0096240  0.0124981 
    910200  0.2855703 *0.3615893  0.2881130  0.0313804  0.0333471 
      </s> *0.3512063  0.3280782  0.2524553  0.0292043  0.0390558 

[2022-02-08 11:07:13,733 INFO]                   A56     E812.2     P00.33     P78.19     P78.69     P79.06     P79.27     P79.67     P80.87     P84.15     P88.38     P89.52     P93.54     P99.04     D825.0    D825.22    D825.23    D825.24    D825.25     D826.0     D837.0     D892.0 
    810600  0.0636660 *0.0887792  0.0835251  0.0642280  0.0468902  0.0617745  0.0533296  0.0597945  0.0581388  0.0638823  0.0651918  0.0695712  0.0765737  0.0749254  0.0153078  0.0114976  0.0077287  0.0066149  0.0069694  0.0070240  0.0085351  0.0060521 
    857300  0.0645900 *0.0816870  0.0747777  0.0626147  0.0494978  0.0633892  0.0523512  0.0647015  0.0614672  0.0643986  0.0658296  0.0703083  0.0742143  0.0722358  0.0143944  0.0123041  0.0089458  0.0077452  0.0082350  0.0082625  0.0097537  0.0082965 
    857400  0.0988758 *0.1259590  0.0906985  0.0665519  0.0470072  0.0594885  0.0438824  0.0512207  0.0474298  0.0473677  0.0602622  0.0723673  0.0805222  0.0763398  0.0065457  0.0053859  0.0033569  0.0026401  0.0030134  0.0033773  0.0040851  0.0036228 
    857500  0.1282069 *0.1427704  0.0890687  0.0646709  0.0496106  0.0516411  0.0381425  0.0374704  0.0357798  0.0336160  0.0514262  0.0650723  0.0732573  0.0687628  0.0158570  0.0127868  0.0076296  0.0055781  0.0063732  0.0072660  0.0075291  0.0074845 
    857600  0.1256906 *0.1312684  0.0826722  0.0597769  0.0497970  0.0495737  0.0380040  0.0399708  0.0355948  0.0323816  0.0507259  0.0624753  0.0684105  0.0648746  0.0291621  0.0208550  0.0118986  0.0090864  0.0089386  0.0098676  0.0095013  0.0094741 
    858121  0.1075793 *0.1153889  0.0755371  0.0564498  0.0493243  0.0497547  0.0385231  0.0406834  0.0373995  0.0339453  0.0499003  0.0600787  0.0640074  0.0611011  0.0363250  0.0275268  0.0187907  0.0160879  0.0151302  0.0160148  0.0149624  0.0154894 
    878030  0.1033955 *0.1238726  0.0756041  0.0586232  0.0510538  0.0511718  0.0395461  0.0385173  0.0379011  0.0364223  0.0484734  0.0596915  0.0653431  0.0614130  0.0259786  0.0218796  0.0174900  0.0157491  0.0166467  0.0171990  0.0165454  0.0174824 
      </s>  0.0892842 *0.0949799  0.0669978  0.0560282  0.0492749  0.0498842  0.0380479  0.0362044  0.0376205  0.0346954  0.0455960  0.0544517  0.0586609  0.0562590  0.0294133  0.0303529  0.0294030  0.0273271  0.0285988  0.0288194  0.0283406  0.0297599 

[2022-02-08 11:07:13,758 INFO]                   A45     E881.0        P-1     D805.2 
    650416  0.2785877 *0.3088515  0.2671702  0.1453906 
      </s> *0.3068667  0.2946445  0.2462109  0.1522778 

[2022-02-08 11:07:13,758 INFO]                   A63     E884.4     P38.93     P87.03     P89.52     P93.54    D823.00    D823.21 
    854111  0.1577903  0.1405757  0.1480575  0.1464237  0.1563656 *0.1604423  0.0471890  0.0431559 
    854471 *0.2178490  0.1608066  0.1419888  0.1399167  0.1480923  0.1486054  0.0248771  0.0178641 
      </s> *0.2024663  0.1501789  0.1311273  0.1359108  0.1307124  0.1210635  0.0628212  0.0657196 

[2022-02-08 11:07:13,758 INFO]                   A43     E881.0        P-1     D847.9     D919.0 
    640678  0.2295033 *0.3419358  0.3184108  0.0580057  0.0521444 
    910200  0.2504105 *0.3284013  0.2803495  0.0780245  0.0628142 
      </s> *0.3247470  0.2759027  0.2198983  0.0949589  0.0844930 

[2022-02-08 11:07:13,758 INFO]                   A35       E966     P54.11     P86.59     D879.2     D922.2 
    510402  0.2390885 *0.2437040  0.2192499  0.2186396  0.0464493  0.0328688 
    510602 *0.2572385  0.2451625  0.2166545  0.2167115  0.0375969  0.0266361 
      </s> *0.2723347  0.2143819  0.1990194  0.1916843  0.0576850  0.0648947 

[2022-02-08 11:07:13,759 INFO]                   A43     E968.9      P31.1     P33.23     P33.23     P34.04     P34.09     P34.84     P38.93     P54.11     P54.11     P54.12     P54.61     P57.94     P87.03     P87.41     P87.61     P88.01     P88.38     P88.38     P88.41     P88.77     P88.79     P88.91     P88.93     P89.52     P93.56     P96.04     P96.04     P96.08     D802.0     D802.4     D802.6    D852.04    D854.04     D860.2    D865.02     D919.0       D920     D921.1     D922.1 
    110402  0.0448860 *0.0465092  0.0300144  0.0231225  0.0208657  0.0226726  0.0216815  0.0240035  0.0265466  0.0255693  0.0254741  0.0221402  0.0240781  0.0305988  0.0295319  0.0319841  0.0362872  0.0340844  0.0340414  0.0329780  0.0356969  0.0379291  0.0345055  0.0370389  0.0334156  0.0353839  0.0398899  0.0354821  0.0316730  0.0363753  0.0121248  0.0111123  0.0091940  0.0065520  0.0046350  0.0029746  0.0030802  0.0031654  0.0012882  0.0007675  0.0006461 
    140695  0.0454625 *0.0457410  0.0315985  0.0274781  0.0250247  0.0248015  0.0229883  0.0248117  0.0276039  0.0253823  0.0247239  0.0209832  0.0237400  0.0307657  0.0298333  0.0322827  0.0344551  0.0339234  0.0332361  0.0321313  0.0339363  0.0358058  0.0344445  0.0355830  0.0339891  0.0357123  0.0362292  0.0333785  0.0304028  0.0337289  0.0125647  0.0106655  0.0091496  0.0067175  0.0053017  0.0030330  0.0035815  0.0039947  0.0020320  0.0013837  0.0013985 
    161011 *0.0662499  0.0589740  0.0366621  0.0250942  0.0212540  0.0226433  0.0215711  0.0241610  0.0248347  0.0271447  0.0282578  0.0242921  0.0211460  0.0263578  0.0269227  0.0318699  0.0349939  0.0356674  0.0341255  0.0322718  0.0352269  0.0378068  0.0344102  0.0382653  0.0337174  0.0327799  0.0333001  0.0265736  0.0232621  0.0259196  0.0129906  0.0124177  0.0142084  0.0064153  0.0026852  0.0012200  0.0013660  0.0015747  0.0006400  0.0003847  0.0003416 
    210402 *0.0565643  0.0491518  0.0377681  0.0306500  0.0263035  0.0254905  0.0238691  0.0258646  0.0256332  0.0284298  0.0301016  0.0252564  0.0219510  0.0257854  0.0267035  0.0310601  0.0337390  0.0340198  0.0324703  0.0308540  0.0330542  0.0345088  0.0329318  0.0361838  0.0316445  0.0308364  0.0313106  0.0261621  0.0238226  0.0256062  0.0177262  0.0163113  0.0192495  0.0081116  0.0031162  0.0018837  0.0020318  0.0020763  0.0008511  0.0005309  0.0003843 
    250800 *0.0516872  0.0485573  0.0379660  0.0291992  0.0252127  0.0246459  0.0238672  0.0267114  0.0258868  0.0285238  0.0300684  0.0257422  0.0215806  0.0259320  0.0269604  0.0310274  0.0329931  0.0335808  0.0333865  0.0326822  0.0346269  0.0346853  0.0335543  0.0363419  0.0319934  0.0316297  0.0309238  0.0265107  0.0242955  0.0260185  0.0207202  0.0170961  0.0188173  0.0066811  0.0028337  0.0017267  0.0018162  0.0018004  0.0007948  0.0005239  0.0003986 
    251000 *0.0541402  0.0488671  0.0367503  0.0305320  0.0270538  0.0263268  0.0256485  0.0258415  0.0258994  0.0287197  0.0302998  0.0268320  0.0216096  0.0258035  0.0264940  0.0307734  0.0319892  0.0335329  0.0315291  0.0299217  0.0316782  0.0340251  0.0333163  0.0357417  0.0305146  0.0311131  0.0323632  0.0265653  0.0241383  0.0262785  0.0194299  0.0136954  0.0204909  0.0087119  0.0031186  0.0020743  0.0026266  0.0026511  0.0012804  0.0009162  0.0007062 
    251200 *0.0534240  0.0498758  0.0358331  0.0256540  0.0224328  0.0231774  0.0227721  0.0240737  0.0253769  0.0275664  0.0288653  0.0250979  0.0203237  0.0260458  0.0278508  0.0320164  0.0344966  0.0355273  0.0340581  0.0332240  0.0345631  0.0364996  0.0355767  0.0374935  0.0340037  0.0328672  0.0330948  0.0277582  0.0250837  0.0270719  0.0186356  0.0124821  0.0167858  0.0075577  0.0032500  0.0018892  0.0022122  0.0024716  0.0012442  0.0009553  0.0008115 
    410402 *0.0629538  0.0582931  0.0351090  0.0223705  0.0190768  0.0207129  0.0197996  0.0223547  0.0245922  0.0259788  0.0270386  0.0218029  0.0181483  0.0261658  0.0285399  0.0335968  0.0373256  0.0381864  0.0368716  0.0359076  0.0381957  0.0403756  0.0381321  0.0402553  0.0355591  0.0346022  0.0347218  0.0282173  0.0246237  0.0271971  0.0101958  0.0093170  0.0110109  0.0053418  0.0022025  0.0009601  0.0012000  0.0015621  0.0006498  0.0004752  0.0003798 
    442200  0.0531407 *0.0587056  0.0349392  0.0205721  0.0167704  0.0178984  0.0176888  0.0232970  0.0255521  0.0248109  0.0252286  0.0197759  0.0172156  0.0272830  0.0294437  0.0329783  0.0444662  0.0393461  0.0370998  0.0356944  0.0363708  0.0410621  0.0369055  0.0408986  0.0487771  0.0385313  0.0391309  0.0327864  0.0289168  0.0309176  0.0087273  0.0048505  0.0045356  0.0023691  0.0011824  0.0004683  0.0004148  0.0006212  0.0002694  0.0001978  0.0001599 
    544222  0.0483488 *0.0553336  0.0378237  0.0255215  0.0207331  0.0208298  0.0199551  0.0241092  0.0260908  0.0270231  0.0278894  0.0219180  0.0193876  0.0273692  0.0280050  0.0308259  0.0452245  0.0379195  0.0349784  0.0330941  0.0346131  0.0395547  0.0346495  0.0390242  0.0496290  0.0362600  0.0393120  0.0318115  0.0283329  0.0303058  0.0090685  0.0046467  0.0044205  0.0026640  0.0009980  0.0006147  0.0004873  0.0006301  0.0002691  0.0001874  0.0001411 
    910200  0.0430335 *0.0513580  0.0363693  0.0260973  0.0220538  0.0222568  0.0210667  0.0224282  0.0267131  0.0265938  0.0268677  0.0207212  0.0192490  0.0283289  0.0290779  0.0322779  0.0427226  0.0372672  0.0340427  0.0317949  0.0329655  0.0389564  0.0364530  0.0389718  0.0446452  0.0378000  0.0413544  0.0346765  0.0314527  0.0337869  0.0102529  0.0057767  0.0044942  0.0031199  0.0011641  0.0009413  0.0008656  0.0009856  0.0004600  0.0003303  0.0002267 
      </s> *0.0505742  0.0473772  0.0364643  0.0265579  0.0238510  0.0253798  0.0222324  0.0254984  0.0272398  0.0294094  0.0303644  0.0222190  0.0199152  0.0270564  0.0291324  0.0332495  0.0347379  0.0357637  0.0336343  0.0321387  0.0331799  0.0360473  0.0356906  0.0370605  0.0319196  0.0326000  0.0329698  0.0286111  0.0264359  0.0280467  0.0152366  0.0119721  0.0129873  0.0078493  0.0036478  0.0027426  0.0025482  0.0029784  0.0018252  0.0015624  0.0012926 

[2022-02-08 11:07:13,759 INFO]                   A34     E826.1        P-1    D807.01     D850.1 
    161000  0.3138289 *0.3372781  0.2624645  0.0735517  0.0128768 
    161003  0.3179327 *0.3445185  0.2689190  0.0640808  0.0045490 
    450201  0.3031884 *0.3224590  0.2693757  0.0898197  0.0151572 
      </s>  0.2685841 *0.2849044  0.2429866  0.1408497  0.0626752 

[2022-02-08 11:07:13,759 INFO]                   A47     E812.0     P79.69     P79.77     P87.03     P87.41     P88.01     P88.38     P93.54     D825.0    D825.21     D837.1    D838.00 
    857200  0.0760518  0.1031023  0.1024560  0.1078608  0.1080672  0.1041125  0.1004941  0.1097471 *0.1251906  0.0206913  0.0103142  0.0142320  0.0176803 
    857300  0.0924885 *0.1180983  0.0949852  0.0929488  0.0968658  0.1036982  0.1048932  0.1072400  0.1138043  0.0291269  0.0145503  0.0144913  0.0168093 
    877230  0.1165329 *0.1698536  0.0816779  0.0802308  0.0855234  0.0972631  0.1032294  0.1054645  0.1204575  0.0168998  0.0061681  0.0066905  0.0100084 
    877230  0.1135892 *0.1384344  0.0718673  0.0826026  0.0877416  0.0975820  0.1010713  0.0985246  0.1098756  0.0340101  0.0183375  0.0193770  0.0269867 
      </s> *0.1492984  0.1400874  0.0666685  0.0733021  0.0811547  0.0964569  0.1028284  0.0919172  0.0915231  0.0330017  0.0213976  0.0204347  0.0319295 

[2022-02-08 11:07:13,759 INFO]                   A22     E812.2     P87.03     P87.41     P88.01     P88.38     D850.5    D873.44     D913.0 
    161002  0.1453640 *0.1864402  0.1549424  0.1422488  0.1399251  0.1538808  0.0463320  0.0175235  0.0133433 
    210600  0.1491391 *0.1948342  0.1571487  0.1463260  0.1447606  0.1472184  0.0345028  0.0144834  0.0115869 
    710202  0.1360797 *0.1873998  0.1589755  0.1466889  0.1452308  0.1458607  0.0413261  0.0215835  0.0168552 
      </s>  0.1450594 *0.1629327  0.1468429  0.1427006  0.1419114  0.1322106  0.0548438  0.0405623  0.0329362 

[2022-02-08 11:07:13,760 INFO]                   A23     E811.0        P-1     D847.9       D920 
    110402  0.2681892 *0.3422354  0.2961223  0.0663110  0.0271422 
    640678  0.2455647 *0.3577079  0.3167468  0.0502689  0.0297117 
      </s>  0.2720388 *0.3157209  0.2687118  0.0903577  0.0531710 

[2022-02-08 11:07:13,760 INFO]                   A52     E812.2     P86.59     P87.03     P87.41     P88.01     P88.38     P88.77    D873.40     D884.0     D919.0       D920 
    110402  0.1278082 *0.1374348  0.1154043  0.1068701  0.1101586  0.1116469  0.1114761  0.1205924  0.0252553  0.0147493  0.0132492  0.0053548 
    210602  0.1217578 *0.1430947  0.1180036  0.1071256  0.1079798  0.1090754  0.1111158  0.1179678  0.0270687  0.0152698  0.0141516  0.0073895 
    710602  0.1212870 *0.1481575  0.1203855  0.1095739  0.1080427  0.1089410  0.1070347  0.1162833  0.0249541  0.0144085  0.0135186  0.0074134 
    910200  0.1253459 *0.1422542  0.1137246  0.1078548  0.1112403  0.1120007  0.1018500  0.1117240  0.0294359  0.0175500  0.0173655  0.0096541 
      </s> *0.1470533  0.1340178  0.1098096  0.1026567  0.1078362  0.1099552  0.0980592  0.1007168  0.0331346  0.0205478  0.0220867  0.0141262 

[2022-02-08 11:07:13,760 INFO] PRED AVG SCORE: -0.6625, PRED PPL: 1.9396
